{"stats":{"minecraft:crafted":{"travelersbackpack:crafting_upgrade":2,"minecraft:bookshelf":25,"minecraft:cooked_mutton":10,"minecraft:glass":63,"evilcraft:blood_extractor":3,"minecraft:emerald":36,"minecraft:cooked_porkchop":15,"minecraft:diamond_axe":1,"travelersbackpack:standard":1,"minecraft:golden_leggings":1,"born_in_chaos_v1:smoked_flesh":69,"minecraft:iron_block":3,"minecraft:gold_ingot":370,"minecraft:netherite_ingot":2,"tombstone:book_of_disenchantment":3,"minecraft:golden_carrot":88,"mowziesmobs:naga_fang_dagger":1,"minecraft:iron_nugget":1,"minecraft:diamond_hoe":1,"minecraft:bone_meal":1448,"travelersbackpack:gold_tier_upgrade":2,"travelersbackpack:blank_upgrade":4,"born_in_chaos_v1:smoked_monster_flesh":2,"minecraft:stone_stairs":16,"minecraft:diamond":9,"travelersbackpack:white_sleeping_bag":1,"minecraft:redstone_block":1,"minecraft:golden_helmet":1,"evilcraft:dark_tank":2,"travelersbackpack:pumpkin":1,"minecraft:wooden_axe":1,"cataclysm:the_incinerator":1,"minecraft:iron_leggings":1,"ancient_elements:iron_hammer":2,"minecraft:white_bed":1,"create:tiled_glass":1,"minecraft:oak_planks":356,"biomesoplenty:cherry_planks":52,"minecraft:stone":27,"securitycraft:laser_block":1,"minecraft:chest":13,"minecraft:golden_boots":1,"travelersbackpack:iron_tier_upgrade":2,"minecraft:crafting_table":5,"minecraft:spruce_planks":24,"minecraft:wooden_pickaxe":1,"minecraft:baked_potato":574,"minecraft:birch_planks":8,"minecraft:book":7,"minecraft:paper":24,"minecraft:diamond_pickaxe":1,"minecraft:shield":4,"minecraft:stick":80,"minecraft:iron_ingot":20,"minecraft:shears":1,"securitycraft:universal_block_reinforcer_lvl1":1,"evilcraft:dark_spike":16,"minecraft:wooden_sword":1,"minecraft:oak_door":3,"minecraft:coal":9,"minecraft:golden_chestplate":1,"minecraft:spruce_button":2,"minecraft:furnace":3,"minecraft:glass_pane":16,"minecraft:flint_and_steel":1,"minecraft:netherite_scrap":9,"travelersbackpack:diamond_tier_upgrade":2,"minecraft:cooked_beef":34,"minecraft:cooked_cod":9,"travelersbackpack:backpack_tank":4,"minecraft:bucket":4,"minecraft:air":0,"minecraft:jungle_planks":4,"minecraft:gold_nugget":837,"minecraft:raw_gold":144,"minecraft:black_carpet":12,"minecraft:anvil":1,"minecraft:stonecutter":1,"minecraft:acacia_planks":8,"minecraft:torch":208},"minecraft:broken":{"minecraft:golden_boots":1,"minecraft:diamond_helmet":1,"minecraft:iron_boots":3,"minecraft:iron_chestplate":3,"minecraft:iron_leggings":1,"magistuarmory:rusted_heavymace":1,"minecraft:iron_sword":3,"minecraft:chainmail_leggings":1,"ancient_elements:iron_hammer":1,"minecraft:diamond_leggings":1,"ancient_elements:meteorite_boots":1,"minecraft:shield":9,"minecraft:iron_axe":1,"minecraft:iron_helmet":2,"minecraft:golden_leggings":2,"minecraft:wooden_axe":1,"minecraft:golden_chestplate":1,"minecraft:golden_hoe":1,"minecraft:diamond_chestplate":2,"mowziesmobs:naga_fang_dagger":1,"minecraft:leather_chestplate":1,"minecraft:leather_boots":1},"minecraft:custom":{"minecraft:interact_with_crafting_table":184,"minecraft:open_barrel":111,"minecraft:bell_ring":3,"minecraft:eat_cake_slice":5,"minecraft:leave_game":22,"minecraft:time_since_death":332571,"minecraft:damage_blocked_by_shield":32636,"minecraft:play_time":1824700,"minecraft:deaths":71,"minecraft:jump":27703,"minecraft:enchant_item":8,"minecraft:interact_with_furnace":139,"minecraft:interact_with_cartography_table":2,"minecraft:sleep_in_bed":4,"tombstone:sneak_grave":10,"minecraft:damage_dealt":298220,"tombstone:use_disenchantment":1,"tombstone:undead_killed":464,"minecraft:interact_with_smithing_table":32,"minecraft:interact_with_smoker":138,"minecraft:inspect_dispenser":1,"minecraft:use_cauldron":1,"minecraft:interact_with_anvil":23,"minecraft:sneak_time":124050,"minecraft:interact_with_blast_furnace":34,"minecraft:total_world_time":1824700,"tombstone:raider_killed":35,"minecraft:interact_with_stonecutter":12,"minecraft:time_since_rest":332361,"tombstone:cast_on_ally":1,"minecraft:swim_one_cm":135306,"minecraft:fly_one_cm":4765598,"minecraft:open_chest":951,"minecraft:fall_one_cm":807153,"minecraft:animals_bred":1,"minecraft:damage_resisted":520,"minecraft:sprint_one_cm":4196074,"minecraft:drop":502,"minecraft:talked_to_villager":3,"minecraft:interact_with_brewingstand":1,"minecraft:walk_on_water_one_cm":91214,"minecraft:interact_with_loom":2,"minecraft:player_kills":1,"minecraft:crouch_one_cm":308845,"minecraft:mob_kills":864,"minecraft:fill_cauldron":1,"minecraft:damage_dealt_resisted":27844,"minecraft:climb_one_cm":59577,"minecraft:walk_one_cm":4544516,"tombstone:consume_soul":1,"minecraft:walk_under_water_one_cm":99924,"minecraft:interact_with_grindstone":5,"minecraft:damage_taken":161293,"minecraft:damage_absorbed":560,"minecraft:trigger_trapped_chest":3},"minecraft:mined":{"minecraft:dark_oak_planks":5,"biomesoplenty:cherry_log":14,"minecraft:white_bed":4,"minecraft:black_terracotta":2,"minecraft:red_nether_bricks":2,"biomesoplenty:brimstone":8,"ancient_elements:cerulean_crystal_block":2,"minecraft:carved_pumpkin":1,"minecraft:granite":201,"biomesoplenty:bramble":1,"minecraft:stone_brick_wall":2,"minecraft:coal_block":1,"minecraft:deepslate_bricks":3,"minecraft:spawner":145,"minecraft:polished_blackstone_bricks":34,"minecraft:weeping_vines_plant":1,"minecraft:magma_block":32,"minecraft:mossy_cobblestone_stairs":15,"ancient_elements:selenite_clust":1,"minecraft:sticky_piston":1,"minecraft:cobbled_deepslate":36,"minecraft:fire":79,"biomesoplenty:lavender":1,"minecraft:pumpkin":34,"minecraft:deepslate_lapis_ore":9,"minecraft:nether_brick_stairs":2,"minecraft:enchanting_table":5,"minecraft:polished_deepslate_slab":1,"biomesoplenty:webbing":10,"minecraft:spruce_pressure_plate":1,"minecraft:deepslate_brick_stairs":8,"minecraft:spruce_wood":5,"minecraft:stripped_mangrove_wood":3,"create:veridium":8,"minecraft:tripwire":2,"minecraft:smoker":5,"minecraft:soul_fire":15,"minecraft:powder_snow":12,"born_in_chaos_v1:infected_deepslate_diamond_ore":1,"minecraft:torch":20,"minecraft:blast_furnace":2,"minecraft:melon":4,"minecraft:polished_andesite_stairs":1,"minecraft:white_stained_glass_pane":4,"minecraft:smooth_quartz_slab":1,"minecraft:glass":7,"minecraft:sugar_cane":11,"minecraft:damaged_anvil":1,"minecraft:bricks":1,"minecraft:amethyst_block":5,"minecraft:chain":1,"minecraft:lilac":9,"biomesoplenty:large_rose_quartz_bud":3,"born_in_chaos_v1:black_argillite_brick":1,"minecraft:stone_brick_stairs":9,"ancient_elements:cerulean_clust":1,"minecraft:grass":568,"minecraft:smooth_quartz":19,"minecraft:smooth_basalt":10,"minecraft:deepslate":581,"create:zinc_ore":1,"minecraft:light_blue_stained_glass_pane":2,"minecraft:attached_pumpkin_stem":1,"minecraft:deepslate_tiles":4,"minecraft:dark_prismarine":8,"minecraft:mossy_cobblestone":49,"evilcraft:dark_tank":2,"minecraft:dark_oak_log":2,"minecraft:cobbled_deepslate_slab":1,"minecraft:nether_bricks":33,"minecraft:spruce_fence":3,"minecraft:jungle_planks":2,"ancient_elements:meteorite_block":2,"biomesoplenty:dead_grass":4,"minecraft:potted_bamboo":1,"minecraft:red_mushroom":1,"minecraft:moss_block":2,"minecraft:acacia_wood":1,"minecraft:andesite":14,"minecraft:mossy_stone_brick_stairs":9,"minecraft:potatoes":455,"minecraft:vine":62,"minecraft:cobblestone_slab":1,"biomesoplenty:barley":49,"minecraft:bone_block":55,"biomesoplenty:rose_quartz_cluster":3,"minecraft:white_wool":1,"minecraft:smithing_table":1,"ancient_elements:steel_ore":2,"minecraft:glass_pane":6,"minecraft:chiseled_nether_bricks":1,"minecraft:soul_sand":5,"minecraft:polished_blackstone_brick_wall":4,"minecraft:smooth_sandstone":2,"biomesoplenty:small_rose_quartz_bud":2,"minecraft:emerald_ore":2,"minecraft:copper_ore":1,"minecraft:tall_grass":54,"minecraft:deepslate_gold_ore":2,"minecraft:diorite":7,"minecraft:black_stained_glass":2,"minecraft:coarse_dirt":1,"minecraft:spruce_log":7,"minecraft:birch_leaves":2,"minecraft:purple_concrete":1,"minecraft:sunflower":4,"minecraft:gravel":167,"minecraft:dripstone_block":1,"minecraft:cobweb":7,"minecraft:polished_blackstone":6,"minecraft:stone_bricks":39,"minecraft:infested_stone":3,"minecraft:fern":12,"minecraft:waxed_cut_copper_slab":2,"create:deepslate_zinc_ore":2,"minecraft:spruce_planks":47,"minecraft:stone_pressure_plate":4,"orcz:orcamanita":1,"minecraft:farmland":8,"minecraft:cobbled_deepslate_stairs":5,"minecraft:andesite_stairs":1,"minecraft:sculk_vein":10,"minecraft:cobblestone_stairs":2,"minecraft:brewing_stand":1,"minecraft:cave_vines_plant":1,"minecraft:budding_amethyst":1,"minecraft:grass_block":153,"biomesoplenty:flowering_oak_leaves":4,"minecraft:white_concrete":1,"graveyard:skull_on_pike":1,"minecraft:soul_soil":1,"minecraft:polished_blackstone_brick_slab":5,"create:tiled_glass":1,"biomesoplenty:blackstone_bulb":2,"minecraft:sculk_catalyst":1,"minecraft:iron_ore":12,"born_in_chaos_v1:black_argillite_brick_stairs":1,"minecraft:potted_red_mushroom":1,"minecraft:anvil":1,"alexsmobs:crocodile_egg":2,"minecraft:dark_oak_stairs":2,"evilcraft:infested_nether_nether_bricks":32,"minecraft:iron_bars":85,"minecraft:polished_granite_stairs":1,"minecraft:waxed_cut_copper_stairs":1,"minecraft:waxed_cut_copper":14,"minecraft:gray_terracotta":5,"minecraft:quartz_block":73,"minecraft:polished_blackstone_wall":1,"minecraft:blackstone":124,"minecraft:melon_stem":1,"minecraft:jungle_stairs":1,"minecraft:calcite":6,"minecraft:chest":5,"born_in_chaos_v1:black_argillite_column_slab":4,"minecraft:nether_quartz_ore":32,"minecraft:cobblestone":76,"minecraft:grindstone":1,"minecraft:oak_planks":15,"minecraft:iron_door":2,"minecraft:wall_torch":28,"ancient_elements:deepslate_steel_ore":1,"minecraft:seagrass":1,"minecraft:stone_stairs":3,"ancient_elements:deepslate_titanium_ore":1,"minecraft:warped_nylium":2,"minecraft:dark_oak_slab":1,"minecraft:yellow_wool":1,"evilcraft:dark_ore_deepslate":1,"evilcraft:infested_nether_soul_sand":23,"biomesoplenty:maple_leaves":4,"ancient_elements:nether_steel_ore":1,"minecraft:tnt":6,"minecraft:cracked_deepslate_tiles":1,"biomesoplenty:clover":4,"minecraft:oak_log":88,"minecraft:beetroots":1,"minecraft:sand":92,"minecraft:dirt":162,"minecraft:tripwire_hook":1,"minecraft:netherrack":3603,"minecraft:ancient_debris":14,"minecraft:oak_leaves":20,"minecraft:emerald_block":4,"minecraft:nether_gold_ore":4,"minecraft:red_carpet":3,"minecraft:tuff":79,"ancient_elements:lead_ore":1,"minecraft:deepslate_diamond_ore":4,"minecraft:candle":1,"born_in_chaos_v1:infected_diamond_ore":1,"biomesoplenty:bush":11,"minecraft:polished_andesite_slab":1,"minecraft:spruce_leaves":1,"minecraft:large_fern":6,"minecraft:carrots":459,"minecraft:black_glazed_terracotta":4,"minecraft:raw_gold_block":25,"minecraft:bell":1,"minecraft:gold_block":28,"minecraft:polished_deepslate":5,"minecraft:bookshelf":106,"minecraft:shroomlight":1,"minecraft:deepslate_iron_ore":9,"ancient_elements:palladium_ore":3,"minecraft:packed_ice":92,"minecraft:stone":670,"minecraft:pink_terracotta":8,"minecraft:red_wool":18,"minecraft:basalt":20,"minecraft:polished_granite":6,"minecraft:crafting_table":5,"minecraft:blackstone_slab":2,"minecraft:rose_bush":3,"minecraft:sculk_sensor":1,"minecraft:lectern":1,"minecraft:stone_slab":1,"minecraft:quartz_bricks":2,"biomesoplenty:sprout":3,"minecraft:polished_blackstone_brick_stairs":7,"minecraft:sculk":158,"minecraft:spruce_stairs":3,"minecraft:polished_blackstone_slab":5,"minecraft:polished_blackstone_stairs":4,"minecraft:ice":76,"evilcraft:infested_nether_netherrack":19,"minecraft:black_wool":6,"minecraft:coal_ore":64,"evilcraft:blood_stain":1,"minecraft:end_rod":1,"minecraft:flower_pot":1,"minecraft:cyan_carpet":5,"minecraft:gray_carpet":2,"minecraft:cracked_stone_bricks":40,"minecraft:polished_andesite":25,"minecraft:mossy_stone_bricks":42},"minecraft:used":{"minecraft:polished_blackstone":5,"create:tiled_glass":1,"minecraft:chest":17,"minecraft:rotten_flesh":9,"minecraft:soul_sand":1,"securitycraft:reinforced_granite":1,"travelersbackpack:emerald":2,"cataclysm:infernal_forge":1,"born_in_chaos_v1:smoked_flesh":31,"minecraft:polished_blackstone_slab":4,"minecraft:lava_bucket":4,"minecraft:red_wool":3,"minecraft:quartz_block":14,"minecraft:bow":107,"minecraft:furnace":3,"minecraft:cooked_cod":9,"minecraft:potato":570,"minecraft:diorite":3,"minecraft:mossy_stone_bricks":24,"minecraft:blackstone":19,"minecraft:wooden_pickaxe":2,"minecraft:black_glazed_terracotta":2,"minecraft:glow_berries":2,"minecraft:golden_apple":16,"minecraft:blast_furnace":1,"minecraft:pumpkin_seeds":11,"minecraft:deepslate_brick_stairs":2,"minecraft:deepslate_tiles":6,"scalinghealth:enchanted_heart":4,"minecraft:cyan_carpet":1,"minecraft:polished_granite":4,"minecraft:diamond_sword":3157,"minecraft:smithing_table":1,"minecraft:iron_bars":18,"minecraft:enchanting_table":3,"ancient_elements:cerulean_crystal_block":1,"securitycraft:reinforced_bookshelf":28,"minecraft:netherrack":475,"minecraft:torch":318,"minecraft:anvil":2,"minecraft:chainmail_chestplate":1,"minecraft:stone_stairs":16,"minecraft:shroomlight":2,"minecraft:mossy_cobblestone_stairs":3,"travelersbackpack:gold":1,"minecraft:iron_axe":81,"minecraft:spruce_button":2,"mutantmonsters:creeper_shard":26,"minecraft:smooth_quartz":7,"minecraft:melon_seeds":7,"minecraft:basalt":23,"minecraft:purple_concrete":1,"minecraft:beef":2,"tombstone:gift":10,"minecraft:cobbled_deepslate":245,"ancient_elements:diamond_hammer":1380,"minecraft:water_bucket":25,"minecraft:deepslate_bricks":2,"minecraft:cracked_stone_bricks":7,"minecraft:polished_blackstone_bricks":45,"ancient_elements:hellstone_sword":33,"minecraft:polished_deepslate_slab":1,"minecraft:mossy_cobblestone":15,"minecraft:tnt":16,"minecraft:crafting_table":8,"minecraft:white_bed":5,"minecraft:oak_log":1,"minecraft:diamond_pickaxe":1366,"minecraft:diamond_shovel":328,"minecraft:iron_pickaxe":3965,"alexsmobs:crocodile_egg":2,"tombstone:magic_scroll":4,"scalinghealth:medkit":1,"evilcraft:dark_tank":2,"minecraft:cobblestone":284,"minecraft:potion":5,"travelersbackpack:standard":9,"minecraft:porkchop":2,"minecraft:cooked_porkchop":23,"minecraft:glass_pane":15,"magistuarmory:rusted_heavymace":6,"minecraft:polished_deepslate":2,"travelersbackpack:lapis":7,"minecraft:diamond_hoe":129,"minecraft:bone_block":5,"minecraft:shield":549,"minecraft:iron_sword":691,"minecraft:nether_bricks":17,"minecraft:jungle_planks":4,"minecraft:carrot":642,"minecraft:tuff":1,"minecraft:glass":33,"born_in_chaos_v1:corpse_maggot":1,"minecraft:bricks":1,"mowziesmobs:naga_fang_dagger":66,"tombstone:tablet_of_cupidity":2,"minecraft:lantern":1,"ancient_elements:hellstone_armor_chestplate":1,"minecraft:stone_bricks":10,"minecraft:item_frame":2,"ancient_elements:hellstone_armor_helmet":4,"minecraft:beetroot_seeds":1,"minecraft:gold_block":4,"ancient_elements:meteorite_chestplate":2,"minecraft:polished_blackstone_stairs":3,"minecraft:golden_boots":1,"orcz:orcskull":1,"travelersbackpack:spider":1,"minecraft:end_rod":1,"minecraft:stone_pickaxe":74,"minecraft:oak_planks":59,"minecraft:ender_pearl":4,"minecraft:chainmail_helmet":1,"minecraft:sugar_cane":1,"minecraft:diamond_axe":451,"minecraft:white_wool":1,"minecraft:golden_hoe":32,"minecraft:crossbow":3,"minecraft:cobbled_deepslate_stairs":2,"minecraft:shears":2,"travelersbackpack:pumpkin":1,"tombstone:grave_key":88,"minecraft:melon_slice":9,"minecraft:dark_oak_log":2,"minecraft:iron_door":3,"born_in_chaos_v1:smoked_monster_flesh":2,"minecraft:bread":15,"minecraft:gravel":14,"minecraft:golden_helmet":1,"minecraft:andesite":16,"minecraft:bone_meal":1046,"minecraft:experience_bottle":120,"ancient_elements:meteorite_block":1,"biomesoplenty:brimstone":5,"minecraft:flint_and_steel":4,"minecraft:spruce_planks":1,"ancient_elements:meteorite_boots":1,"minecraft:oak_door":2,"minecraft:dirt":366,"minecraft:spyglass":13,"scalinghealth:heart_crystal":58,"minecraft:spruce_stairs":3,"minecraft:diamond_helmet":1,"minecraft:golden_chestplate":1,"minecraft:granite":9,"minecraft:spruce_fence":1,"minecraft:iron_hoe":7,"minecraft:wooden_axe":47,"ancient_elements:hellstone_armor_boots":1,"minecraft:smooth_sandstone":1,"evilcraft:flesh_humanoid":1,"neapolitan:ice_cubes":18,"minecraft:golden_carrot":64,"minecraft:netherite_pickaxe":41,"scalinghealth:bandages":1,"minecraft:cooked_beef":64,"minecraft:pumpkin":8,"minecraft:quartz_bricks":1,"minecraft:cooked_mutton":10,"minecraft:polished_andesite":2,"minecraft:baked_potato":453,"scalinghealth:chance_heart":2,"minecraft:stonecutter":1,"ancient_elements:iron_hammer":257,"minecraft:glow_item_frame":1,"tombstone:tablet_of_home":1,"bosses_of_mass_destruction:soul_star":58,"minecraft:smoker":5,"tombstone:bag_of_seeds":2,"endrem:rogue_eye":1,"minecraft:apple":27,"minecraft:cracked_polished_blackstone_bricks":2,"minecraft:jungle_stairs":1,"minecraft:stone_axe":40,"minecraft:cobbled_deepslate_slab":1,"minecraft:bucket":42,"born_in_chaos_v1:wood_splitter_axe":16,"alexsmobs:animal_dictionary":2,"minecraft:splash_potion":2},"minecraft:killed_by":{"born_in_chaos_v1:nightmare_stalker":4,"minecraft:pillager":1,"mutantmonsters:mutant_creeper":2,"minecraft:vindicator":1,"minecraft:zombie":7,"minecraft:vex":2,"cataclysm:ignited_revenant":2,"bosses_of_mass_destruction:gauntlet":3,"minecraft:stray":1,"minecraft:warden":1,"cataclysm:netherite_monstrosity":10,"cave_dweller:cave_dweller":1,"born_in_chaos_v1:maggot":1,"minecraft:ghast":2,"mutantmonsters:mutant_zombie":3,"minecraft:wither_skeleton":1,"born_in_chaos_v1:zombie_bruiser":1,"royalvariations:royal_zombie":1,"minecraft:player":8,"minecraft:spider":3,"ancient_elements:cerulean_crystal_slime":1,"minecraft:skeleton":6,"cataclysm:ignis":4},"minecraft:dropped":{"minecraft:iron_sword":2,"ancient_elements:raw_infernal_ore":1,"minecraft:porkchop":1,"minecraft:lapis_lazuli":77,"minecraft:cooked_beef":11,"minecraft:glass_bottle":4,"minecraft:diamond":1,"minecraft:crossbow":1,"minecraft:weeping_vines":1,"mutantmonsters:creeper_shard":2,"minecraft:mossy_stone_brick_stairs":2,"minecraft:saddle":2,"born_in_chaos_v1:pieceofdarkmetal":1,"born_in_chaos_v1:nightmare_claw":1,"born_in_chaos_v1:monster_flesh":2,"minecraft:dirt":41,"evilcraft:broom":5,"minecraft:chain":2,"minecraft:bone_meal":16,"minecraft:iron_pickaxe":3,"minecraft:polished_blackstone_slab":2,"magistuarmory:corruptedroundshield":1,"minecraft:white_wool":1,"minecraft:bone":53,"minecraft:sugar_cane":1,"minecraft:cobbled_deepslate":209,"minecraft:netherite_sword":1,"tombstone:gift":1,"minecraft:rotten_flesh":39,"born_in_chaos_v1:smoked_flesh":27,"minecraft:oak_planks":90,"minecraft:enchanted_golden_apple":1,"minecraft:blaze_powder":4,"minecraft:white_bed":1,"evilcraft:flesh_humanoid":2,"minecraft:black_glazed_terracotta":1,"travelersbackpack:gold":1,"bosses_of_mass_destruction:soul_star":6,"minecraft:tipped_arrow":1,"minecraft:glass":4,"cataclysm:infernal_forge":1,"minecraft:lectern":1,"minecraft:iron_ingot":11,"minecraft:enchanted_book":6,"minecraft:golden_boots":1,"minecraft:wheat_seeds":52,"evilcraft:condensed_blood":102,"minecraft:iron_helmet":1,"minecraft:cobblestone":93,"minecraft:prismarine_crystals":6,"minecraft:book":7,"minecraft:apple":4,"minecraft:granite":62,"royalvariations:spiritual_crown_shard":1,"minecraft:chainmail_helmet":2,"minecraft:coal":52,"minecraft:golden_apple":11,"minecraft:cobweb":1,"minecraft:gray_wool":1,"minecraft:golden_carrot":51,"endrem:corrupted_eye":1,"minecraft:wooden_axe":2,"minecraft:diamond_helmet":1,"minecraft:potion":2,"minecraft:string":5,"minecraft:gray_carpet":2,"create:raw_zinc":2,"minecraft:diamond_hoe":1,"neapolitan:ice_cubes":3,"evilcraft:origins_of_darkness":2,"scalinghealth:power_crystal_shard":3,"minecraft:shears":1,"minecraft:pumpkin_seeds":14,"travelersbackpack:emerald":1,"minecraft:diamond_sword":2,"minecraft:potato":129,"minecraft:bundle":1,"minecraft:diamond_pickaxe":2,"minecraft:spider_eye":2,"minecraft:bamboo":1,"minecraft:bow":5,"scalinghealth:bandages":1,"minecraft:black_wool":1,"create:tiled_glass":1,"orcz:orchorn":1,"minecraft:orange_dye":1,"minecraft:diamond_axe":1,"minecraft:baked_potato":127,"cataclysm:the_incinerator":1,"minecraft:lantern":1,"minecraft:polished_blackstone_brick_wall":2,"travelersbackpack:standard":1,"alexsmobs:bison_fur":1,"mowziesmobs:naga_fang":3,"minecraft:flint":4,"artifacts:night_vision_goggles":1,"tombstone:bag_of_seeds":1,"born_in_chaos_v1:monster_skin":3,"minecraft:gold_ingot":5,"minecraft:gravel":1,"minecraft:pink_terracotta":5,"ancient_elements:meteorite_boots":1,"minecraft:blackstone":2,"minecraft:spyglass":2,"born_in_chaos_v1:ethereal_spirit":1,"minecraft:diamond_shovel":2,"minecraft:cooked_mutton":12,"neapolitan:bananarrow":2,"minecraft:carrot":206,"minecraft:chainmail_chestplate":1,"minecraft:gunpowder":1,"born_in_chaos_v1:corpse_maggot":19,"minecraft:melon_seeds":2,"ancient_elements:meteorite_sword":1,"minecraft:chainmail_boots":1,"minecraft:chest":2,"born_in_chaos_v1:diamond_termite_shard":4,"magistuarmory:rustedchainmail_chestplate":1,"minecraft:iron_bars":2,"minecraft:arrow":9,"minecraft:netherrack":73,"born_in_chaos_v1:dark_rod":3,"minecraft:bread":1,"minecraft:golden_helmet":3,"minecraft:diamond_leggings":1,"minecraft:poisonous_potato":1,"minecraft:spectral_arrow":8,"minecraft:acacia_log":1,"minecraft:stick":80,"evilcraft:blood_extractor":1,"tombstone:magic_scroll":1,"scalinghealth:heart_crystal":4,"minecraft:torch":83,"minecraft:green_dye":1,"tombstone:grave_dust":10,"travelersbackpack:spider":3,"minecraft:smooth_quartz_slab":1,"minecraft:iron_axe":2,"minecraft:bucket":6,"minecraft:nether_brick_slab":4,"alexsmobs:maggot":4,"artifacts:kitty_slippers":1,"cataclysm:ignitium_ingot":1,"magistuarmory:rustedhalfarmor_chestplate":1,"alexsmobs:ancient_dart":2,"minecraft:totem_of_undying":1,"minecraft:filled_map":1,"minecraft:shield":4,"alexsmobs:lobster_tail":1,"magistuarmory:rustedchainmail_helmet":1,"cataclysm:ignitium_chestplate":1,"travelersbackpack:lapis":1,"minecraft:mossy_stone_bricks":2,"travelersbackpack:crafting_upgrade":1,"minecraft:golden_leggings":1,"tombstone:essence_of_undeath":1,"minecraft:calcite":1},"minecraft:killed":{"minecraft:cave_spider":14,"alexsmobs:lobster":3,"ancient_elements:cerulean_crystal_slime":1,"born_in_chaos_v1:restless_spirit":5,"born_in_chaos_v1:zombie_lumberjack":8,"born_in_chaos_v1:skeleton_demoman":3,"born_in_chaos_v1:door_knight_not_despawn":1,"ancient_elements:verdant_viridium_crystal_slime":1,"royalvariations:royal_skeleton":1,"born_in_chaos_v1:siamese_skeletonsright":5,"minecraft:skeleton":135,"minecraft:chicken":1,"born_in_chaos_v1:skeleton_thrasher":2,"alexsmobs:straddler":1,"minecraft:magma_cube":4,"naturalist:firefly":2,"minecraft:pillager":15,"minecraft:zombie":177,"born_in_chaos_v1:corpse_fly":46,"born_in_chaos_v1:door_knight":4,"orcz:orcsavage_2sword":1,"takesapillage:archer":3,"minecraft:cow":9,"mowziesmobs:naga":1,"minecraft:evoker":1,"alexsmobs:raccoon":1,"minecraft:vindicator":3,"orcz:orcsavagemace":1,"minecraft:husk":1,"born_in_chaos_v1:bone_imp_minion":2,"born_in_chaos_v1:decrepit_skeleton":32,"royalvariations:royal_zombie":7,"mutantmonsters:creeper_minion":1,"alexsmobs:crocodile":1,"born_in_chaos_v1:dark_vortex":2,"cataclysm:ignis":1,"minecraft:enderman":4,"born_in_chaos_v1:zombie_clown":1,"evilcraft:netherfish":48,"minecraft:zombified_piglin":1,"minecraft:witch":2,"graveyard:skeleton_creeper":1,"minecraft:spider":31,"born_in_chaos_v1:scarlet_persecutor":1,"minecraft:silverfish":11,"artifacts:mimic":1,"minecraft:pig":9,"minecraft:zombie_villager":6,"born_in_chaos_v1:diamond_termite":5,"minecraft:creeper":6,"minecraft:sheep":8,"born_in_chaos_v1:zombie_fisherman":1,"born_in_chaos_v1:dread_hound":10,"minecraft:stray":26,"minecraft:ghast":1,"alexsmobs:fly":5,"cave_dweller:cave_dweller":2,"orcz:snot":2,"orcz:orcshield":1,"minecraft:blaze":9,"born_in_chaos_v1:siamese_skeletonsleft":6,"alexsmobs:dropbear":1,"cataclysm:ignited_revenant":1,"minecraft:vex":3,"born_in_chaos_v1:missioner":1,"graveyard:revenant":3,"takesapillage:legioner":4,"minecraft:slime":11,"alexsmobs:sugar_glider":1,"born_in_chaos_v1:zombie_bruiser":12,"born_in_chaos_v1:maggot":66,"minecraft:phantom":4,"alexsmobs:bison":2,"bosses_of_mass_destruction:lich":1,"born_in_chaos_v1:corpse_fish":3,"born_in_chaos_v1:fallen_chaos_knight":1,"born_in_chaos_v1:baby_skeleton":7,"born_in_chaos_v1:swarmer":1,"takesapillage:skirmisher":3,"born_in_chaos_v1:nightmare_stalker":3,"minecraft:wither_skeleton":14},"minecraft:picked_up":{"minecraft:wooden_axe":2,"minecraft:iron_chestplate":2,"minecraft:chainmail_boots":3,"minecraft:flower_pot":2,"minecraft:anvil":1,"minecraft:smithing_table":1,"endrem:corrupted_eye":1,"minecraft:diamond_sword":2,"minecraft:enchanted_book":10,"minecraft:brewing_stand":1,"minecraft:golden_sword":1,"minecraft:polished_deepslate":2,"minecraft:polished_blackstone_brick_stairs":6,"minecraft:string":37,"minecraft:red_nether_bricks":1,"ancient_elements:meteorite_block":1,"minecraft:shroomlight":3,"ancient_elements:meteorite_leggings":1,"minecraft:diamond_leggings":2,"minecraft:gold_nugget":150,"minecraft:cobbled_deepslate":851,"bosses_of_mass_destruction:soul_star":70,"minecraft:black_glazed_terracotta":4,"minecraft:spruce_planks":13,"minecraft:melon_slice":19,"minecraft:coal_block":1,"minecraft:mangrove_log":2,"minecraft:golden_helmet":4,"minecraft:polished_blackstone_brick_slab":2,"born_in_chaos_v1:shattered_skull":1,"minecraft:polished_blackstone_stairs":3,"orcz:orcskull":1,"minecraft:acacia_log":5,"magistuarmory:rusted_heavymace":1,"ancient_elements:hellstone_fragment":61,"minecraft:golden_chestplate":1,"minecraft:pink_terracotta":5,"minecraft:waxed_cut_copper_stairs":1,"minecraft:carved_pumpkin":1,"minecraft:end_rod":1,"minecraft:waxed_cut_copper":4,"endrem:rogue_eye":1,"minecraft:blaze_rod":5,"minecraft:iron_bars":75,"alexsmobs:lobster_tail":1,"minecraft:birch_log":2,"minecraft:magma_block":18,"minecraft:feather":1,"minecraft:cooked_beef":2,"orcz:orcteeth":8,"magistuarmory:rustedchainmail_boots":3,"minecraft:iron_door":4,"minecraft:water_bucket":3,"minecraft:jungle_log":1,"minecraft:smoker":5,"alexsmobs:bison_fur":1,"ancient_elements:raw_lead":2,"minecraft:flint":18,"minecraft:lantern":2,"artifacts:shock_pendant":1,"minecraft:twisting_vines":1,"minecraft:gray_terracotta":2,"minecraft:diamond_helmet":3,"biomesoplenty:cherry_log":13,"alexsmobs:crocodile_egg":3,"ancient_elements:hellstone_sword":1,"scalinghealth:enchanted_heart":5,"minecraft:ink_sac":3,"minecraft:dark_oak_log":1,"create:tiled_glass":2,"minecraft:bundle":5,"minecraft:quartz_bricks":1,"minecraft:polished_andesite":2,"minecraft:granite":376,"minecraft:bread":13,"alexsmobs:maggot":4,"born_in_chaos_v1:rotten_fish":1,"minecraft:bricks":1,"minecraft:diamond_pickaxe":2,"minecraft:crafting_table":6,"cataclysm:ignitium_chestplate":1,"securitycraft:reinforced_granite":1,"minecraft:leather_leggings":1,"minecraft:polished_blackstone_wall":1,"minecraft:cracked_stone_bricks":14,"minecraft:netherite_sword":2,"travelersbackpack:lapis":2,"minecraft:beef":36,"minecraft:chest":11,"minecraft:diamond_hoe":2,"minecraft:polished_deepslate_slab":1,"minecraft:raw_gold_block":23,"minecraft:oak_door":1,"minecraft:glow_item_frame":1,"magistuarmory:rustedbarbute":1,"minecraft:spruce_fence":1,"orcz:orchorn":1,"born_in_chaos_v1:pieceofdarkmetal":4,"minecraft:carrot":1471,"minecraft:redstone":1,"minecraft:prismarine_crystals":4,"ancient_elements:cerulean_shard":2,"mutantmonsters:creeper_shard":4,"minecraft:tnt":9,"minecraft:polished_granite_stairs":1,"minecraft:diamond_chestplate":2,"minecraft:beetroot_seeds":1,"born_in_chaos_v1:wood_splitter_axe":1,"minecraft:deepslate_bricks":2,"minecraft:shears":1,"minecraft:diamond_boots":1,"tombstone:essence_of_undeath":1,"minecraft:gold_ingot":47,"minecraft:totem_of_undying":1,"ancient_elements:hellstone_armor_helmet":1,"minecraft:polished_blackstone":6,"minecraft:glow_berries":1,"minecraft:mutton":9,"minecraft:white_wool":8,"minecraft:bone_block":49,"magistuarmory:rustedhalfarmor_chestplate":1,"born_in_chaos_v1:monster_flesh":8,"minecraft:tripwire_hook":1,"minecraft:red_mushroom":1,"royalvariations:spiritual_crown_shard":2,"minecraft:oak_log":91,"scalinghealth:bandages":18,"minecraft:ancient_debris":17,"scalinghealth:medkit":1,"minecraft:white_banner":2,"minecraft:apple":2,"minecraft:stone_bricks":19,"ancient_elements:raw_nether_steel":27,"scalinghealth:power_crystal_shard":25,"tombstone:bag_of_seeds":2,"minecraft:glass_bottle":3,"minecraft:iron_sword":4,"travelersbackpack:blank_upgrade":7,"minecraft:dark_oak_stairs":3,"endrem:witch_pupil":1,"minecraft:red_wool":14,"born_in_chaos_v1:ethereal_spirit":13,"minecraft:gravel":48,"minecraft:spruce_log":16,"magistuarmory:rustedchainmail_leggings":1,"travelersbackpack:standard":2,"minecraft:diamond_shovel":2,"minecraft:slime_ball":10,"minecraft:diamond_axe":1,"minecraft:gray_wool":1,"minecraft:polished_blackstone_brick_wall":11,"minecraft:warped_roots":1,"minecraft:baked_potato":27,"ancient_elements:meteorite_sword":1,"minecraft:melon_seeds":4,"minecraft:smooth_quartz_slab":2,"minecraft:ender_pearl":1,"minecraft:black_carpet":4,"cataclysm:monstrous_horn":1,"ancient_elements:hellstone_armor_boots":1,"minecraft:potion":1,"minecraft:stone_brick_stairs":2,"travelersbackpack:spider":3,"ancient_elements:raw_palladium":4,"travelersbackpack:emerald":1,"minecraft:waxed_cut_copper_slab":2,"alexsmobs:ancient_dart":1,"minecraft:iron_leggings":1,"minecraft:purple_banner":1,"minecraft:experience_bottle":41,"biomesoplenty:brimstone":5,"minecraft:deepslate_tiles":6,"minecraft:bucket":8,"minecraft:calcite":2,"minecraft:smooth_quartz":17,"minecraft:iron_pickaxe":3,"evilcraft:blood_extractor":1,"minecraft:iron_boots":1,"minecraft:tipped_arrow":19,"minecraft:stick":15,"minecraft:torch":114,"minecraft:spruce_stairs":9,"minecraft:porkchop":18,"travelersbackpack:crafting_upgrade":1,"cataclysm:burning_ashes":3,"tombstone:grave_dust":80,"minecraft:diorite":5,"born_in_chaos_v1:nightmare_claw":3,"minecraft:quartz_block":21,"minecraft:rotten_flesh":271,"evilcraft:condensed_blood":173,"minecraft:deepslate_brick_stairs":3,"minecraft:blaze_powder":6,"minecraft:cobblestone":588,"minecraft:enchanting_table":5,"minecraft:lilac":2,"minecraft:andesite":16,"minecraft:golden_leggings":4,"ancient_elements:hellstone_armor_chestplate":1,"minecraft:potato":1573,"minecraft:tuff":63,"create:raw_zinc":3,"evilcraft:flesh_humanoid":2,"minecraft:lapis_lazuli":136,"minecraft:dirt":466,"minecraft:polished_granite":4,"born_in_chaos_v1:monster_skin":7,"minecraft:leather_boots":1,"minecraft:glass":21,"minecraft:bone":311,"minecraft:bow":10,"minecraft:wheat_seeds":88,"minecraft:cobbled_deepslate_slab":1,"minecraft:bell":1,"minecraft:mossy_stone_bricks":36,"minecraft:bamboo":1,"travelersbackpack:gold":1,"minecraft:oak_planks":92,"minecraft:mossy_stone_brick_stairs":9,"minecraft:poisonous_potato":7,"minecraft:polished_blackstone_slab":7,"minecraft:sand":84,"minecraft:jungle_planks":2,"ancient_elements:hellstone_armor_leggings":1,"minecraft:grass_block":1,"minecraft:diamond_block":1,"minecraft:spectral_arrow":4,"ancient_elements:meteorite_chestplate":1,"minecraft:mossy_cobblestone":28,"minecraft:dark_prismarine":7,"minecraft:diamond":21,"evilcraft:broom":12,"minecraft:cracked_polished_blackstone_bricks":2,"magistuarmory:corruptedroundshield":4,"minecraft:crossbow":2,"minecraft:bone_meal":13,"minecraft:golden_apple":15,"minecraft:emerald":6,"minecraft:oak_sapling":2,"minecraft:netherrack":2560,"born_in_chaos_v1:diamond_termite_shard":6,"artifacts:night_vision_goggles":2,"minecraft:chicken":1,"minecraft:stone_brick_wall":1,"minecraft:gold_block":28,"minecraft:chain":5,"minecraft:shield":3,"biomesoplenty:rose_quartz_shard":4,"ancient_elements:music_disc_luminous":1,"securitycraft:reinforced_bookshelf":28,"minecraft:stone_stairs":6,"minecraft:iron_axe":2,"neapolitan:bananarrow":1,"artifacts:feral_claws":1,"minecraft:item_frame":2,"minecraft:cyan_carpet":6,"minecraft:blackstone":140,"minecraft:candle":4,"scalinghealth:chance_heart":2,"ancient_elements:raw_infernal_ore":1,"minecraft:lectern":1,"minecraft:sugar_cane":26,"minecraft:raw_iron":22,"minecraft:stripped_mangrove_wood":3,"minecraft:polished_blackstone_bricks":46,"alexsmobs:crocodile_scute":1,"minecraft:dark_oak_planks":19,"minecraft:arrow":169,"minecraft:weeping_vines":1,"minecraft:golden_hoe":1,"minecraft:jungle_stairs":1,"minecraft:nether_bricks":40,"minecraft:saddle":1,"born_in_chaos_v1:fused_bone":8,"born_in_chaos_v1:corpse_maggot":53,"minecraft:basalt":26,"minecraft:golden_carrot":4,"cataclysm:ignitium_ingot":3,"minecraft:leather":12,"ancient_elements:iron_hammer":2,"minecraft:chainmail_chestplate":1,"minecraft:gunpowder":23,"minecraft:cobbled_deepslate_stairs":3,"artifacts:cloud_in_a_bottle":1,"minecraft:cobblestone_stairs":1,"scalinghealth:heart_crystal":65,"minecraft:cooked_mutton":12,"minecraft:smooth_sandstone":9,"minecraft:red_carpet":4,"cataclysm:infernal_forge":1,"neapolitan:ice_cubes":80,"minecraft:gray_carpet":4,"magistuarmory:steel_flamebladedsword":1,"ancient_elements:diamond_hammer":1,"minecraft:spruce_wood":5,"minecraft:iron_ingot":30,"artifacts:kitty_slippers":1,"ancient_elements:cerulean_slimeball":3,"minecraft:soul_sand":15,"minecraft:purple_concrete":1,"minecraft:green_dye":1,"minecraft:book":292,"scalinghealth:heart_crystal_shard":19,"minecraft:emerald_block":4,"minecraft:pumpkin":27,"minecraft:quartz":101,"born_in_chaos_v1:dark_rod":7,"minecraft:blast_furnace":1,"minecraft:white_bed":5,"minecraft:nether_brick_slab":4,"minecraft:spider_eye":12,"evilcraft:dark_tank":2,"mowziesmobs:naga_fang":4,"ancient_elements:cerulean_crystal_block":2,"magistuarmory:rustedchainmail_helmet":1,"minecraft:pumpkin_seeds":17,"biomesoplenty:bramble":1,"magistuarmory:rusted_bastardsword":1,"minecraft:chainmail_leggings":1,"evilcraft:dark_gem":15,"minecraft:mossy_cobblestone_stairs":7,"cataclysm:the_incinerator":1,"tombstone:magic_scroll":9,"minecraft:damaged_anvil":1,"minecraft:black_wool":9,"minecraft:coal":151,"ancient_elements:meteorite_boots":2}},"DataVersion":3120}