{"stats":{"minecraft:crafted":{"travelersbackpack:crafting_upgrade":1,"evilcraft:hardened_blood_shard":63,"minecraft:bookshelf":37,"minecraft:cooked_mutton":19,"minecraft:deepslate_brick_stairs":19,"minecraft:glass":63,"minecraft:diamond_helmet":2,"minecraft:diamond_leggings":2,"evilcraft:blood_extractor":5,"ancient_elements:nether_steel_helmet":1,"scalinghealth:power_crystal":3,"tombstone:book_of_magic_impregnation":1,"ancient_elements:hellstone_sword":4,"minecraft:deepslate":31,"bosses_of_mass_destruction:levitation_block":1,"minecraft:cooked_porkchop":6,"minecraft:diamond_axe":1,"ancient_elements:meteorite_ingot":38,"travelersbackpack:lapis":3,"travelersbackpack:standard":4,"minecraft:smithing_table":1,"ancient_elements:hellstone_armor_chestplate":1,"mining_helmet:mining_helmet":1,"naturescompass:naturescompass":1,"cataclysm:monstrous_helm":1,"born_in_chaos_v1:smoked_flesh":51,"minecraft:compass":1,"minecraft:iron_pickaxe":2,"minecraft:iron_block":3,"minecraft:gold_ingot":273,"ancient_elements:nether_steel_pickaxe":1,"minecraft:netherite_ingot":5,"royalvariations:royal_bone_meal":6,"tombstone:book_of_disenchantment":4,"minecraft:jukebox":1,"ancient_elements:nether_steel_sword":1,"minecraft:iron_nugget":9,"magistuarmory:wood_heatershield":1,"minecraft:bone_meal":69,"travelersbackpack:blank_upgrade":12,"travelersbackpack:magma_cube":1,"evilcraft:dark_block":1,"minecraft:lantern":1,"travelersbackpack:white_sleeping_bag":1,"magistuarmory:steel_heatershield":1,"minecraft:spruce_slab":36,"minecraft:cobbled_deepslate_stairs":60,"create:tuff_pillar":2,"travelersbackpack:spider":1,"minecraft:wheat":1017,"ancient_elements:raw_tin_block":4,"minecraft:netherite_pickaxe":1,"cataclysm:ignitium_chestplate":1,"ancient_elements:hellstone_armor_helmet":1,"evilcraft:dark_tank":4,"minecraft:red_bed":1,"minecraft:deepslate_tiles":1,"minecraft:glowstone":150,"evilcraft:blood_pearl_of_teleportation":2,"orcz:big_bone_1":1,"evilcraft:purifier":1,"minecraft:golden_apple":29,"tombstone:grave_plate":6,"evilcraft:blood_infuser":1,"minecraft:wooden_axe":1,"ancient_elements:iron_hammer":7,"minecraft:iron_leggings":2,"minecraft:deepslate_tile_stairs":1,"minecraft:white_bed":2,"ancient_elements:meteorite_sword":2,"biomesoplenty:cherry_planks":16,"ancient_elements:nether_steel_ingot":26,"minecraft:cooked_chicken":5,"cfm:stripped_spruce_chair":4,"create:polished_cut_tuff_wall":2,"minecraft:stone":42,"ancient_elements:diamond_hammer":1,"create:cut_tuff":2,"minecraft:netherite_helmet":1,"minecraft:chest":37,"minecraft:smoker":1,"ancient_elements:hellstone_armor_leggings":1,"minecraft:item_frame":1,"travelersbackpack:iron_tier_upgrade":1,"minecraft:arrow":20,"minecraft:crafting_table":11,"minecraft:spruce_planks":564,"minecraft:baked_potato":114,"minecraft:wooden_pickaxe":1,"minecraft:iron_helmet":1,"tombstone:decorative_grave_simple":6,"minecraft:birch_planks":68,"evilcraft:invigorating_pendant":1,"minecraft:tnt":10,"minecraft:spruce_trapdoor":20,"born_in_chaos_v1:staffofthe_summoner":1,"minecraft:iron_chestplate":1,"minecraft:diamond_pickaxe":2,"minecraft:stick":76,"minecraft:iron_ingot":627,"minecraft:black_bed":1,"minecraft:shears":3,"create:layered_tuff":2,"evilcraft:dark_spike":16,"minecraft:wooden_sword":2,"travelersbackpack:netherite_tier_upgrade":1,"minecraft:cobbled_deepslate_slab":132,"minecraft:nether_brick_slab":84,"create:cut_tuff_wall":7,"ancient_elements:meteorite_boots":2,"minecraft:coal":18,"evilcraft:blood_chest":1,"cfm:stripped_spruce_table":4,"minecraft:furnace":2,"evilcraft:golden_string":3,"ancient_elements:meteorite_pickaxe":2,"ancient_elements:meteorite_leggings":1,"minecraft:flint_and_steel":1,"minecraft:netherite_chestplate":1,"ancient_elements:meteorite_chestplate":1,"minecraft:netherite_leggings":1,"born_in_chaos_v1:bone_handle":1,"minecraft:leather":2,"minecraft:polished_deepslate":3,"minecraft:iron_axe":1,"magistuarmory:steel_ingot":5,"minecraft:iron_hoe":3,"ancient_elements:hellstone_armor_boots":1,"minecraft:netherite_scrap":20,"travelersbackpack:diamond_tier_upgrade":1,"minecraft:magma_cream":4,"minecraft:cooked_beef":56,"biomesoplenty:umbran_planks":8,"ancient_elements:hellstone_ingot":37,"minecraft:cooked_cod":5,"create:cut_tuff_bricks":2,"ancient_elements:nether_steel_boots":2,"evilcraft:blood_infusion_core":4,"travelersbackpack:backpack_tank":8,"minecraft:iron_sword":3,"tombstone:ankh_of_pray":1,"scalinghealth:heart_crystal":7,"minecraft:bucket":3,"minecraft:air":0,"minecraft:bread":339,"minecraft:white_wool":5,"minecraft:gold_nugget":9,"minecraft:raw_gold":27,"ancient_elements:meteorite_hammer":1,"tombstone:dark_marble":18,"minecraft:anvil":1,"minecraft:stonecutter":1,"minecraft:acacia_planks":4,"minecraft:torch":48,"minecraft:lapis_block":8,"minecraft:diamond_chestplate":3},"minecraft:broken":{"minecraft:diamond_helmet":1,"minecraft:iron_boots":2,"minecraft:iron_chestplate":1,"mining_helmet:mining_helmet":1,"minecraft:wooden_sword":1,"minecraft:iron_sword":1,"ancient_elements:iron_hammer":4,"ancient_elements:nether_steel_boots":2,"minecraft:diamond_leggings":1,"minecraft:iron_axe":1,"ancient_elements:nether_steel_helmet":1,"minecraft:iron_helmet":4,"magistuarmory:rustednorman_helmet":1,"minecraft:diamond_boots":1,"magistuarmory:rustedhalfarmor_chestplate":1,"minecraft:diamond_chestplate":2},"minecraft:custom":{"minecraft:interact_with_crafting_table":254,"goblintraders:trade_with_goblin":2,"minecraft:open_barrel":247,"minecraft:bell_ring":1,"minecraft:eat_cake_slice":13,"minecraft:leave_game":27,"minecraft:time_since_death":1225627,"minecraft:damage_blocked_by_shield":1885,"minecraft:play_time":2684043,"minecraft:deaths":88,"minecraft:jump":26598,"minecraft:enchant_item":10,"minecraft:interact_with_furnace":128,"minecraft:play_record":5,"minecraft:interact_with_cartography_table":5,"minecraft:sleep_in_bed":81,"tombstone:sneak_grave":24,"minecraft:damage_dealt":342747,"tombstone:use_disenchantment":4,"tombstone:undead_killed":605,"minecraft:interact_with_smoker":43,"minecraft:interact_with_smithing_table":66,"minecraft:inspect_dispenser":7,"minecraft:interact_with_anvil":26,"minecraft:sneak_time":107862,"minecraft:interact_with_lectern":1,"minecraft:interact_with_blast_furnace":86,"minecraft:total_world_time":2684043,"tombstone:raider_killed":111,"minecraft:interact_with_stonecutter":54,"tombstone:pray_on_grave":3,"minecraft:time_since_rest":48849,"minecraft:swim_one_cm":146569,"minecraft:fly_one_cm":6728512,"minecraft:open_chest":2382,"minecraft:fall_one_cm":1398100,"minecraft:damage_resisted":2590,"minecraft:sprint_one_cm":6837889,"minecraft:drop":642,"minecraft:talked_to_villager":3,"minecraft:interact_with_brewingstand":1,"minecraft:walk_on_water_one_cm":109993,"minecraft:player_kills":8,"minecraft:crouch_one_cm":518252,"minecraft:mob_kills":1361,"minecraft:damage_dealt_resisted":25203,"minecraft:climb_one_cm":36633,"minecraft:walk_one_cm":6518684,"tombstone:consume_soul":5,"minecraft:walk_under_water_one_cm":49703,"minecraft:interact_with_grindstone":6,"minecraft:damage_taken":209101,"minecraft:damage_absorbed":2953,"minecraft:trigger_trapped_chest":7},"minecraft:mined":{"minecraft:dark_oak_planks":1,"minecraft:red_nether_brick_slab":1,"biomesoplenty:cherry_log":4,"minecraft:white_bed":1,"minecraft:black_terracotta":2,"minecraft:jungle_leaves":3,"minecraft:obsidian":15,"minecraft:carved_pumpkin":2,"minecraft:granite":3,"minecraft:red_sand":2,"minecraft:acacia_log":1,"minecraft:coal_block":2,"minecraft:deepslate_bricks":30,"minecraft:deepslate_tile_stairs":1,"minecraft:chiseled_stone_bricks":2,"minecraft:spawner":133,"minecraft:polished_blackstone_bricks":64,"minecraft:weeping_vines_plant":2,"minecraft:magma_block":6,"minecraft:cobbled_deepslate":217,"minecraft:barrel":5,"minecraft:fire":153,"minecraft:pumpkin":1,"ancient_elements:tin_ore":47,"minecraft:nether_brick_stairs":1,"minecraft:enchanting_table":1,"minecraft:dirt_path":1,"scalinghealth:deepslate_power_crystal_ore":12,"biomesoplenty:webbing":5,"minecraft:spruce_pressure_plate":1,"minecraft:deepslate_brick_stairs":3,"minecraft:tripwire":1,"minecraft:red_bed":4,"minecraft:kelp_plant":1,"minecraft:soul_fire":11,"minecraft:deepslate_tile_slab":1,"minecraft:powder_snow":83,"minecraft:torch":14,"minecraft:blast_furnace":8,"create:polished_cut_tuff_wall":2,"minecraft:white_stained_glass_pane":2,"minecraft:dead_bush":53,"minecraft:nether_brick_slab":19,"minecraft:glass":10,"minecraft:bricks":10,"minecraft:light_gray_stained_glass":1,"minecraft:lilac":5,"minecraft:jukebox":2,"minecraft:black_bed":4,"minecraft:stone_brick_stairs":1,"minecraft:grass":56,"minecraft:smooth_quartz":15,"minecraft:deepslate":437,"travelersbackpack:creeper":2,"evilcraft:hardened_blood":7,"graveyard:torso_pile":2,"minecraft:light_blue_stained_glass_pane":2,"create:cut_tuff":4,"minecraft:deepslate_tiles":23,"minecraft:mossy_cobblestone":7,"biomesoplenty:desert_grass":2,"minecraft:nether_bricks":16,"minecraft:cobbled_deepslate_slab":10,"ancient_elements:meteorite_block":7,"biomesoplenty:dead_grass":4,"born_in_chaos_v1:gnawed_bones":2,"evilcraft:box_of_eternal_closure":1,"minecraft:andesite":18,"minecraft:potatoes":149,"biomesoplenty:rainbow_birch_leaves":3,"minecraft:vine":27,"bosses_of_mass_destruction:gauntlet_blackstone":1,"ancient_elements:reflectine":5,"travelersbackpack:spider":2,"minecraft:smooth_sandstone":3,"minecraft:prismarine_slab":1,"minecraft:tall_grass":9,"minecraft:deepslate_gold_ore":2,"minecraft:diorite":5,"minecraft:coarse_dirt":1,"minecraft:spruce_log":167,"bosses_of_mass_destruction:levitation_block":1,"minecraft:gravel":115,"minecraft:cobweb":2,"minecraft:polished_blackstone":1,"minecraft:stone_bricks":10,"minecraft:infested_stone":1,"minecraft:fern":2,"minecraft:waxed_cut_copper_slab":2,"create:deepslate_zinc_ore":2,"minecraft:spruce_planks":30,"minecraft:stone_pressure_plate":1,"minecraft:cobbled_deepslate_stairs":50,"minecraft:sculk_vein":2,"minecraft:spruce_trapdoor":11,"minecraft:grass_block":196,"minecraft:cracked_polished_blackstone_bricks":1,"minecraft:white_concrete":1,"graveyard:skull_on_pike":1,"minecraft:polished_blackstone_brick_slab":5,"minecraft:gilded_blackstone":3,"minecraft:glowstone":171,"ancient_elements:selenite_crystal_block":2,"minecraft:iron_ore":10,"minecraft:black_carpet":1,"evilcraft:infested_nether_nether_bricks":15,"minecraft:iron_bars":30,"ancient_elements:budding_nocturn":1,"minecraft:spruce_slab":7,"minecraft:waxed_cut_copper":3,"minecraft:gray_terracotta":2,"minecraft:quartz_block":61,"minecraft:cyan_terracotta":2,"minecraft:blackstone":80,"minecraft:polished_deepslate_stairs":1,"minecraft:soul_lantern":1,"minecraft:calcite":1,"minecraft:chest":5,"minecraft:mushroom_stem":1,"ancient_elements:deepslate_tin_ore":8,"minecraft:nether_quartz_ore":31,"minecraft:cobblestone":61,"graveyard:skeleton_hand":2,"create:cut_tuff_wall":1,"minecraft:iron_door":3,"minecraft:wall_torch":42,"ancient_elements:deepslate_steel_ore":3,"evilcraft:dark_ore_deepslate":11,"minecraft:birch_log":17,"evilcraft:infested_nether_soul_sand":18,"ancient_elements:nether_steel_ore":44,"minecraft:tnt":5,"biomesoplenty:umbran_log":3,"minecraft:cracked_deepslate_tiles":9,"minecraft:dirt":330,"minecraft:sand":97,"biomesoplenty:umbran_leaves":6,"minecraft:netherrack":4994,"minecraft:ancient_debris":49,"minecraft:oak_leaves":1,"minecraft:tuff":31,"minecraft:nether_gold_ore":9,"travelersbackpack:lapis":4,"ancient_elements:lead_ore":30,"minecraft:deepslate_diamond_ore":37,"biomesoplenty:bush":3,"minecraft:purple_terracotta":12,"minecraft:white_stained_glass":1,"minecraft:spruce_leaves":168,"minecraft:hay_block":115,"ancient_elements:meteorite_ore":27,"minecraft:furnace":2,"minecraft:carrots":121,"minecraft:raw_gold_block":6,"minecraft:polished_basalt":1,"minecraft:stripped_spruce_log":12,"evilcraft:dark_ore":1,"minecraft:polished_deepslate":35,"minecraft:gold_block":15,"minecraft:bookshelf":67,"ancient_elements:palladium_ore":9,"minecraft:lantern":3,"biomesoplenty:spider_egg":1,"minecraft:stone":297,"ancient_elements:deepslate_lead_ore":4,"scalinghealth:heart_crystal_ore":1,"minecraft:pink_terracotta":2,"minecraft:red_wool":1,"minecraft:basalt":13,"travelersbackpack:standard":1,"minecraft:crafting_table":6,"minecraft:blackstone_slab":2,"minecraft:rose_bush":1,"ancient_elements:nocturnal_crystal_block":1,"minecraft:stone_slab":1,"biomesoplenty:sprout":7,"minecraft:lapis_ore":8,"minecraft:lily_pad":1,"minecraft:polished_blackstone_brick_stairs":5,"minecraft:sculk":6,"create:cut_tuff_bricks":2,"minecraft:blue_bed":1,"minecraft:cactus":4,"minecraft:lime_bed":4,"minecraft:magenta_terracotta":25,"minecraft:black_wall_banner":5,"cfm:stripped_spruce_table":1,"minecraft:ice":5,"evilcraft:infested_nether_netherrack":57,"minecraft:black_wool":12,"minecraft:coal_ore":13,"evilcraft:blood_stain":1,"biomesoplenty:fir_leaves":7,"ancient_elements:raw_tin_block":4,"minecraft:cyan_carpet":3,"minecraft:cracked_stone_bricks":5,"create:layered_tuff":5,"create:tuff_pillar":21,"minecraft:mossy_stone_bricks":12},"minecraft:used":{"minecraft:spruce_slab":32,"evilcraft:blood_chest":1,"minecraft:rotten_flesh":25,"minecraft:chest":35,"minecraft:stone":33,"biomesoplenty:umbran_log":1,"cataclysm:infernal_forge":743,"born_in_chaos_v1:smoked_flesh":78,"minecraft:lava_bucket":4,"ancient_elements:nether_steel_sword":102,"minecraft:quartz_block":1,"royalvariations:royal_bone_meal":6,"ancient_elements:nether_steel_boots":1,"minecraft:bow":151,"minecraft:cooked_cod":5,"mutantmonsters:hulk_hammer":7,"minecraft:furnace":4,"minecraft:egg":1,"create:cut_tuff":4,"minecraft:potato":334,"minecraft:mossy_stone_bricks":1,"minecraft:blackstone":39,"minecraft:wooden_pickaxe":21,"graveyard:skeleton_hand":3,"minecraft:golden_apple":66,"create:cut_tuff_bricks":2,"biomesoplenty:rainbow_birch_sapling":1,"minecraft:sand":1,"minecraft:blast_furnace":5,"minecraft:purple_terracotta":8,"minecraft:deepslate_brick_stairs":44,"minecraft:deepslate_tiles":80,"minecraft:crying_obsidian":1,"scalinghealth:enchanted_heart":6,"minecraft:diamond_sword":1324,"minecraft:wooden_sword":49,"travelersbackpack:magma_cube":1,"minecraft:smithing_table":1,"minecraft:iron_bars":3,"minecraft:enchanting_table":1,"minecraft:carved_pumpkin":1,"tombstone:scroll_of_frost_resistance":1,"tombstone:grave_plate":6,"orcz:skullwandorc":15,"minecraft:netherrack":311,"minecraft:torch":223,"minecraft:anvil":1,"minecraft:nether_brick_slab":88,"minecraft:mossy_cobblestone_stairs":1,"tombstone:ankh_of_pray":18,"minecraft:chipped_anvil":1,"minecraft:iron_axe":409,"mutantmonsters:creeper_shard":4,"ancient_elements:nocturnal_crystal_block":1,"ancient_elements:meteorite_hammer":3943,"minecraft:totem_of_undying":4,"minecraft:barrel":4,"minecraft:diamond_chestplate":1,"minecraft:glowstone":49,"minecraft:magenta_terracotta":18,"tombstone:gift":17,"minecraft:cobbled_deepslate":807,"ancient_elements:diamond_hammer":7,"minecraft:water_bucket":10,"minecraft:bundle":1,"ancient_elements:meteorite_pickaxe":736,"minecraft:deepslate_bricks":279,"minecraft:cracked_stone_bricks":1,"minecraft:polished_blackstone_bricks":3,"ancient_elements:hellstone_sword":65,"minecraft:tnt":17,"minecraft:crafting_table":15,"minecraft:red_bed":7,"minecraft:white_bed":3,"ancient_elements:raw_tin_block":4,"minecraft:spruce_log":12,"minecraft:cake":3,"minecraft:oak_log":1,"minecraft:diamond_pickaxe":681,"minecraft:diamond_shovel":176,"travelersbackpack:creeper":9,"minecraft:iron_pickaxe":819,"born_in_chaos_v1:staffofthe_summoner":3,"tombstone:magic_scroll":1,"ancient_elements:selenite_crystal_block":1,"minecraft:spruce_trapdoor":26,"ancient_elements:nether_steel_pickaxe":9,"scalinghealth:medkit":3,"minecraft:cobblestone":82,"magistuarmory:steel_heatershield":14,"minecraft:potion":12,"travelersbackpack:standard":3,"minecraft:porkchop":4,"minecraft:cooked_porkchop":20,"bosses_of_mass_destruction:levitation_block":3,"minecraft:jukebox":3,"minecraft:polished_deepslate":788,"minecraft:iron_shovel":426,"create:polished_cut_tuff_wall":51,"born_in_chaos_v1:intoxicating_decoction":1,"travelersbackpack:lapis":20,"minecraft:shield":38,"magistuarmory:rustednorman_helmet":1,"minecraft:iron_sword":530,"cfm:stripped_spruce_chair":3,"create:cut_deepslate_bricks":12,"minecraft:nether_bricks":45,"minecraft:carrot":492,"minecraft:tuff":3,"minecraft:obsidian":13,"tombstone:decorative_grave_simple":6,"neapolitan:chocolate_spider_eye":1,"minecraft:cyan_terracotta":2,"minecraft:bricks":1,"biomesoplenty:cherry_planks":1,"minecraft:lantern":3,"born_in_chaos_v1:gnawed_bones":2,"minecraft:stone_bricks":5,"minecraft:item_frame":6,"graveyard:torso_pile":4,"takesapillage:bastille_blues_music_disc":3,"travelersbackpack:spider":11,"minecraft:oak_planks":12,"minecraft:ender_pearl":4,"minecraft:blue_bed":1,"minecraft:black_banner":5,"minecraft:crossbow":3,"minecraft:cobbled_deepslate_stairs":59,"minecraft:black_bed":5,"minecraft:shears":53,"ancient_elements:meteorite_sword":2222,"minecraft:sticky_piston":1,"minecraft:melon_slice":5,"minecraft:bread":278,"minecraft:deepslate":8,"tombstone:grave_key":28,"minecraft:gravel":83,"minecraft:golden_helmet":1,"tombstone:familiar_stone":4,"minecraft:grindstone":1,"minecraft:coarse_dirt":1,"minecraft:bone_meal":69,"minecraft:golden_pickaxe":49,"minecraft:experience_bottle":13,"minecraft:netherite_sword":889,"minecraft:flint_and_steel":70,"minecraft:spruce_planks":31,"cfm:stripped_spruce_table":5,"evilcraft:purifier":1,"minecraft:cooked_chicken":8,"minecraft:dirt":527,"minecraft:spyglass":28,"scalinghealth:heart_crystal":69,"minecraft:diamond_helmet":1,"minecraft:iron_hoe":485,"minecraft:wooden_axe":8,"cataclysm:music_disc_netherite_monstrosity":2,"minecraft:bookshelf":34,"create:tuff_pillar":139,"evilcraft:box_of_eternal_closure":1,"minecraft:polished_blackstone_brick_stairs":4,"minecraft:iron_boots":1,"evilcraft:flesh_humanoid":1,"scalinghealth:power_crystal":3,"create:cut_tuff_wall":7,"minecraft:golden_carrot":77,"minecraft:deepslate_tile_stairs":1,"scalinghealth:bandages":10,"minecraft:netherite_pickaxe":193,"minecraft:cooked_beef":94,"minecraft:enchanted_golden_apple":1,"minecraft:cooked_mutton":19,"tombstone:scroll_of_knowledge":1,"minecraft:baked_potato":220,"evilcraft:blood_infuser":1,"scalinghealth:chance_heart":4,"minecraft:stonecutter":1,"ancient_elements:iron_hammer":1183,"minecraft:glow_item_frame":5,"minecraft:lime_bed":3,"bosses_of_mass_destruction:soul_star":14,"minecraft:smoker":1,"tombstone:bag_of_seeds":7,"minecraft:apple":5,"create:layered_tuff":64,"minecraft:cobbled_deepslate_slab":135,"minecraft:bucket":16,"born_in_chaos_v1:wood_splitter_axe":7,"minecraft:pumpkin_pie":9},"minecraft:killed_by":{"born_in_chaos_v1:nightmare_stalker":1,"minecraft:magma_cube":1,"mutantmonsters:mutant_creeper":2,"minecraft:vindicator":21,"minecraft:vex":16,"bosses_of_mass_destruction:gauntlet":6,"born_in_chaos_v1:swarmer":1,"minecraft:warden":1,"alexsmobs:centipede_head":1,"cataclysm:netherite_monstrosity":6,"mutantmonsters:mutant_zombie":1,"minecraft:wither_skeleton":2,"evilcraft:netherfish":4,"minecraft:cave_spider":6,"royalvariations:royal_zombie":1,"orcz:orcsavageweird":2,"minecraft:player":3,"minecraft:spider":2,"born_in_chaos_v1:bone_imp":1,"minecraft:hoglin":2,"minecraft:skeleton":1,"cataclysm:ignis":2},"minecraft:dropped":{"minecraft:iron_sword":3,"minecraft:porkchop":2,"minecraft:lapis_lazuli":24,"minecraft:cooked_beef":16,"ancient_elements:hellstone_sword":3,"minecraft:glass_bottle":2,"minecraft:diamond":31,"minecraft:crafting_table":1,"orcz:big_bone_1":1,"artifacts:shock_pendant":1,"minecraft:crossbow":1,"create:cut_tuff_bricks":2,"artifacts:cloud_in_a_bottle":3,"mutantmonsters:creeper_shard":1,"minecraft:saddle":1,"graveyard:corruption":1,"minecraft:leather_helmet":1,"minecraft:dirt":8,"evilcraft:broom":12,"minecraft:chain":1,"minecraft:gold_nugget":1,"scalinghealth:chance_heart":2,"minecraft:iron_pickaxe":1,"minecraft:bone":5,"minecraft:ancient_debris":3,"minecraft:cobbled_deepslate":857,"minecraft:netherite_sword":2,"minecraft:rotten_flesh":5,"minecraft:blaze_powder":2,"travelersbackpack:gold":1,"bosses_of_mass_destruction:soul_star":9,"ancient_elements:hellstone_armor_chestplate":1,"minecraft:tipped_arrow":1,"minecraft:deepslate_tiles":2,"minecraft:glass":20,"cataclysm:infernal_forge":1,"minecraft:enchanted_book":6,"ancient_elements:meteorite_pickaxe":1,"minecraft:tnt":7,"minecraft:iron_helmet":1,"minecraft:cobblestone":24,"minecraft:prismarine_crystals":2,"ancient_elements:iron_hammer":2,"royalvariations:spiritual_crown_shard":1,"minecraft:coal":21,"minecraft:golden_apple":11,"minecraft:wooden_axe":1,"minecraft:diamond_helmet":2,"travelersbackpack:blank_upgrade":8,"minecraft:potion":1,"ancient_elements:hellstone_armor_helmet":1,"evilcraft:blood_pearl_of_teleportation":3,"minecraft:experience_bottle":41,"minecraft:iron_boots":1,"minecraft:diamond_sword":2,"minecraft:potato":1,"ancient_elements:meteorite_chestplate":1,"minecraft:bundle":1,"minecraft:diamond_pickaxe":2,"minecraft:stone_bricks":2,"minecraft:bow":4,"minecraft:magma_block":1,"scalinghealth:bandages":1,"minecraft:black_wool":2,"biomesoplenty:umbran_planks":1,"minecraft:soul_sand":4,"ancient_elements:hellstone_fragment":2,"cataclysm:the_incinerator":1,"minecraft:leather":11,"travelersbackpack:standard":2,"minecraft:music_disc_13":1,"mowziesmobs:naga_fang":1,"artifacts:night_vision_goggles":2,"minecraft:cracked_polished_blackstone_bricks":4,"minecraft:polished_blackstone_bricks":14,"minecraft:gold_ingot":11,"minecraft:gravel":4,"ancient_elements:hellstone_armor_leggings":1,"ancient_elements:meteorite_boots":2,"minecraft:spyglass":1,"biomesoplenty:rainbow_birch_sapling":3,"create:cut_deepslate_bricks":6,"minecraft:diamond_shovel":2,"ancient_elements:diamond_hammer":1,"travelersbackpack:bat":1,"create:tuff_pillar":2,"minecraft:chiseled_stone_bricks":1,"minecraft:glowstone":7,"ancient_elements:meteorite_sword":4,"born_in_chaos_v1:corpse_maggot":3,"minecraft:chest":2,"bosses_of_mass_destruction:blazing_eye":1,"minecraft:arrow":4,"minecraft:quartz":87,"minecraft:netherrack":88,"born_in_chaos_v1:wood_splitter_axe":2,"minecraft:bread":147,"minecraft:golden_helmet":1,"minecraft:mossy_cobblestone":5,"minecraft:diamond_leggings":2,"evilcraft:dark_gem":6,"tombstone:ankh_of_pray":2,"minecraft:stick":3,"minecraft:iron_block":64,"ancient_elements:hellstone_armor_boots":1,"minecraft:torch":8,"tombstone:magic_scroll":1,"scalinghealth:heart_crystal":19,"tombstone:grave_dust":1,"travelersbackpack:spider":4,"minecraft:iron_leggings":3,"minecraft:bucket":4,"minecraft:redstone":1,"minecraft:polished_deepslate":1,"ancient_elements:meteorite_leggings":1,"artifacts:kitty_slippers":1,"minecraft:tuff":64,"minecraft:deepslate_bricks":60,"minecraft:shield":4,"cataclysm:ignitium_chestplate":1,"minecraft:diamond_chestplate":2,"travelersbackpack:lapis":3,"minecraft:iron_chestplate":1,"travelersbackpack:crafting_upgrade":1,"minecraft:golden_leggings":1,"create:cut_tuff":2,"tombstone:essence_of_undeath":1,"minecraft:diamond_boots":1,"minecraft:slime_ball":2,"cataclysm:monstrous_horn":1,"scalinghealth:enchanted_heart":2},"minecraft:killed":{"minecraft:cave_spider":35,"alexsmobs:lobster":1,"ancient_elements:cerulean_crystal_slime":1,"orcz:goblinshield":1,"born_in_chaos_v1:restless_spirit":5,"born_in_chaos_v1:zombie_lumberjack":6,"born_in_chaos_v1:skeleton_demoman":1,"born_in_chaos_v1:door_knight_not_despawn":1,"royalvariations:royal_skeleton":1,"born_in_chaos_v1:siamese_skeletonsright":3,"minecraft:skeleton":193,"minecraft:chicken":9,"born_in_chaos_v1:skeleton_thrasher":3,"alexsmobs:straddler":7,"alexsmobs:centipede_head":2,"born_in_chaos_v1:supreme_bonescaller_stage_2":1,"minecraft:magma_cube":52,"born_in_chaos_v1:bone_imp":1,"minecraft:pillager":24,"minecraft:zombie":184,"born_in_chaos_v1:corpse_fly":32,"orcz:bigorcboss":1,"mutantmonsters:mutant_creeper":2,"born_in_chaos_v1:door_knight":2,"orcz:orcsavage_2sword":2,"takesapillage:archer":17,"minecraft:cow":23,"mowziesmobs:naga":1,"minecraft:evoker":5,"minecraft:vindicator":33,"born_in_chaos_v1:thornshell_crab":2,"born_in_chaos_v1:firelight":2,"ancient_elements:undead_miner":1,"orcz:orcsavagemace":1,"orcz:orcsavageweird":1,"ancient_elements:topaz_crystal_slime":1,"minecraft:husk":14,"graveyard:ghoul":2,"born_in_chaos_v1:bone_imp_minion":5,"ancient_elements:stone_golem":1,"born_in_chaos_v1:decrepit_skeleton":12,"royalvariations:royal_zombie":8,"born_in_chaos_v1:bloody_gadfly":2,"ancient_elements:nocturnal_crystal_slime":1,"mutantmonsters:creeper_minion":1,"born_in_chaos_v1:dark_vortex":1,"goblintraders:vein_goblin_trader":1,"minecraft:enderman":10,"born_in_chaos_v1:zombie_clown":2,"evilcraft:netherfish":73,"minecraft:zombified_piglin":59,"minecraft:witch":3,"graveyard:skeleton_creeper":1,"minecraft:spider":35,"cataclysm:netherite_monstrosity":1,"born_in_chaos_v1:scarlet_persecutor":8,"graveyard:reaper":1,"minecraft:silverfish":5,"orcz:squig":1,"minecraft:illusioner":7,"minecraft:piglin_brute":1,"artifacts:mimic":3,"minecraft:piglin":19,"minecraft:pig":3,"alexsmobs:grizzly_bear":1,"minecraft:zombie_villager":6,"born_in_chaos_v1:glutton_fish":1,"alexsmobs:stradpole":1,"minecraft:creeper":15,"alexsmobs:crimson_mosquito":1,"minecraft:sheep":15,"born_in_chaos_v1:dread_hound":6,"minecraft:stray":30,"alexsmobs:fly":2,"cave_dweller:cave_dweller":4,"orcz:snot":1,"orcz:orcshield":1,"born_in_chaos_v1:siamese_skeletonsleft":2,"minecraft:blaze":42,"cataclysm:ignited_revenant":1,"minecraft:vex":9,"born_in_chaos_v1:missioner":1,"alexsmobs:tiger":1,"takesapillage:legioner":12,"alexsmobs:tasmanian_devil":1,"minecraft:slime":30,"born_in_chaos_v1:zombie_bruiser":4,"born_in_chaos_v1:maggot":67,"alexsmobs:bison":3,"born_in_chaos_v1:siamese_skeletons":1,"born_in_chaos_v1:fallen_chaos_knight":3,"born_in_chaos_v1:baby_skeleton":9,"born_in_chaos_v1:swarmer":3,"takesapillage:skirmisher":10,"minecraft:hoglin":5,"born_in_chaos_v1:decaying_zombie":1,"born_in_chaos_v1:nightmare_stalker":2,"mutantmonsters:mutant_zombie":2,"minecraft:wither_skeleton":43},"minecraft:picked_up":{"minecraft:wooden_axe":1,"born_in_chaos_v1:charmof_stealth":1,"minecraft:iron_chestplate":5,"minecraft:chainmail_boots":1,"endrem:corrupted_eye":2,"minecraft:diamond_sword":2,"royalvariations:royal_staff":1,"minecraft:enchanted_book":9,"minecraft:golden_sword":5,"biomesoplenty:rainbow_birch_sapling":5,"minecraft:polished_deepslate":26,"minecraft:polished_blackstone_brick_stairs":15,"minecraft:string":67,"travelersbackpack:creeper":3,"ancient_elements:meteorite_block":8,"minecraft:diamond_leggings":2,"minecraft:gold_nugget":337,"minecraft:cobbled_deepslate":3785,"bosses_of_mass_destruction:soul_star":25,"minecraft:black_glazed_terracotta":1,"minecraft:spruce_planks":31,"minecraft:enchanted_golden_apple":1,"minecraft:melon_slice":9,"minecraft:coal_block":2,"neapolitan:strawberry_pips":3,"minecraft:golden_helmet":3,"minecraft:polished_blackstone_brick_slab":8,"minecraft:polished_blackstone_stairs":4,"born_in_chaos_v1:shattered_skull":3,"minecraft:jukebox":2,"minecraft:acacia_log":2,"born_in_chaos_v1:pileof_dark_metal":1,"ancient_elements:hellstone_fragment":150,"minecraft:deepslate_tile_stairs":1,"minecraft:golden_chestplate":1,"alexsmobs:centipede_leg":1,"minecraft:pink_terracotta":2,"evilcraft:box_of_eternal_closure":1,"minecraft:polished_basalt":1,"minecraft:carved_pumpkin":1,"minecraft:cyan_terracotta":2,"endrem:rogue_eye":1,"minecraft:blaze_rod":16,"takesapillage:bastille_blues_music_disc":3,"minecraft:iron_bars":39,"alexsmobs:lobster_tail":1,"minecraft:birch_log":17,"minecraft:magma_block":5,"ancient_elements:raw_tin_block":4,"bosses_of_mass_destruction:levitation_block":2,"minecraft:feather":14,"minecraft:cooked_beef":28,"orcz:orcteeth":15,"magistuarmory:rustedchainmail_boots":2,"minecraft:water_bucket":1,"biomesoplenty:fir_sapling":1,"alexsmobs:bison_fur":4,"ancient_elements:raw_lead":58,"minecraft:flint":14,"minecraft:magenta_terracotta":24,"minecraft:lantern":3,"biomesoplenty:bush":1,"artifacts:shock_pendant":1,"minecraft:gray_terracotta":1,"minecraft:diamond_helmet":5,"minecraft:glowstone_dust":555,"biomesoplenty:cherry_log":4,"royalvariations:royal_bone":1,"ancient_elements:topaz_slimeball":2,"scalinghealth:enchanted_heart":6,"minecraft:stripped_spruce_log":12,"minecraft:dark_oak_log":6,"minecraft:barrel":5,"minecraft:bundle":11,"cataclysm:lionfish":1,"artifacts:crystal_heart":1,"minecraft:lever":2,"minecraft:granite":5,"minecraft:bread":27,"minecraft:chainmail_helmet":1,"born_in_chaos_v1:rotten_fish":11,"minecraft:dark_oak_fence":1,"minecraft:bricks":16,"minecraft:diamond_pickaxe":3,"cataclysm:ignitium_chestplate":1,"minecraft:crafting_table":6,"minecraft:coarse_dirt":1,"born_in_chaos_v1:seedof_chaos":1,"minecraft:golden_pickaxe":1,"minecraft:leather_leggings":4,"minecraft:red_bed":5,"born_in_chaos_v1:intoxicating_decoction":3,"minecraft:iron_shovel":1,"minecraft:polished_blackstone_wall":1,"minecraft:cracked_stone_bricks":15,"minecraft:netherite_sword":2,"travelersbackpack:lapis":6,"cfm:stripped_spruce_table":1,"minecraft:beef":57,"born_in_chaos_v1:gnawed_bones":6,"minecraft:spruce_slab":7,"minecraft:chest":6,"minecraft:egg":4,"ancient_elements:budding_nocturn":1,"ancient_elements:raw_steel":16,"minecraft:stone":45,"minecraft:raw_gold_block":8,"minecraft:glow_item_frame":5,"magistuarmory:rustedbarbute":1,"alexsmobs:straddlite":1,"minecraft:spruce_fence":2,"minecraft:fire_charge":1,"evilcraft:hardened_blood":7,"orcz:orchorn":1,"born_in_chaos_v1:pieceofdarkmetal":38,"minecraft:carrot":668,"minecraft:redstone":65,"magistuarmory:gambeson_boots":1,"minecraft:prismarine_crystals":2,"graveyard:torso_pile":4,"ancient_elements:cerulean_shard":4,"mutantmonsters:creeper_shard":1,"minecraft:tnt":8,"ancient_elements:reflectine":5,"minecraft:diamond_chestplate":1,"minecraft:beetroot_seeds":8,"born_in_chaos_v1:wood_splitter_axe":2,"royalvariations:royal_knight_helmet_helmet":1,"minecraft:diamond_boots":2,"minecraft:deepslate_bricks":60,"minecraft:hay_block":114,"minecraft:warped_sign":3,"born_in_chaos_v1:spiny_shell":5,"tombstone:essence_of_undeath":6,"minecraft:gold_ingot":11,"minecraft:totem_of_undying":6,"minecraft:polished_blackstone":2,"minecraft:mutton":20,"minecraft:white_wool":13,"minecraft:lime_bed":4,"magistuarmory:rustedhalfarmor_chestplate":1,"born_in_chaos_v1:monster_flesh":5,"minecraft:blackstone_slab":13,"minecraft:red_mushroom":1,"royalvariations:spiritual_crown_shard":2,"evilcraft:blood_pearl_of_teleportation":2,"minecraft:oak_log":5,"minecraft:lily_pad":1,"scalinghealth:bandages":42,"minecraft:ancient_debris":48,"magistuarmory:chainmail_horse_armor":1,"minecraft:blue_bed":1,"minecraft:paper":9,"scalinghealth:medkit":3,"tombstone:gift":1,"minecraft:apple":1,"minecraft:stone_bricks":13,"minecraft:kelp":2,"born_in_chaos_v1:smoked_flesh":27,"ancient_elements:raw_nether_steel":133,"scalinghealth:power_crystal_shard":33,"tombstone:bag_of_seeds":6,"minecraft:glass_bottle":2,"minecraft:iron_sword":5,"biomesoplenty:umbran_log":3,"minecraft:polished_andesite_stairs":1,"create:tuff_pillar":22,"born_in_chaos_v1:orbofthe_summoner":1,"minecraft:red_wool":3,"born_in_chaos_v1:ethereal_spirit":19,"minecraft:spyglass":3,"graveyard:skeleton_hand":3,"minecraft:gravel":136,"magistuarmory:rustednorman_helmet":2,"orcz:orcamanita":1,"minecraft:spruce_sapling":6,"minecraft:spruce_log":163,"magistuarmory:rustedchainmail_leggings":1,"minecraft:crying_obsidian":2,"minecraft:leather_helmet":4,"travelersbackpack:standard":2,"minecraft:diamond_shovel":2,"create:layered_tuff":5,"minecraft:slime_ball":17,"minecraft:polished_blackstone_brick_wall":7,"minecraft:red_nether_brick_slab":1,"minecraft:baked_potato":126,"ancient_elements:meteorite_sword":3,"minecraft:melon_seeds":4,"minecraft:ender_pearl":8,"minecraft:black_carpet":4,"minecraft:wheat":9,"travelersbackpack:bat":1,"cataclysm:monstrous_horn":2,"minecraft:potion":6,"minecraft:gilded_blackstone":3,"minecraft:stone_brick_stairs":5,"travelersbackpack:spider":5,"ancient_elements:raw_palladium":13,"evilcraft:ender_tear":1,"minecraft:waxed_cut_copper_slab":1,"minecraft:raw_copper":16,"minecraft:iron_leggings":1,"minecraft:sticky_piston":1,"alexsmobs:blood_sac":1,"minecraft:deepslate_tiles":32,"minecraft:red_sand":5,"minecraft:bucket":3,"minecraft:rose_bush":1,"ancient_elements:nocturnal_crystal_block":1,"minecraft:calcite":1,"minecraft:iron_pickaxe":3,"minecraft:smooth_quartz":15,"minecraft:iron_boots":5,"minecraft:furnace":3,"minecraft:tipped_arrow":8,"minecraft:stick":90,"minecraft:birch_trapdoor":1,"minecraft:torch":108,"minecraft:porkchop":12,"born_in_chaos_v1:nightmare_claw":2,"cataclysm:burning_ashes":2,"tombstone:grave_dust":97,"minecraft:diorite":3,"travelersbackpack:crafting_upgrade":1,"mutantmonsters:hulk_hammer":1,"minecraft:quartz_block":13,"minecraft:cactus":7,"create:cut_tuff_bricks":4,"minecraft:rotten_flesh":318,"born_in_chaos_v1:sea_terror_eye":2,"artifacts:panic_necklace":1,"minecraft:deepslate_brick_stairs":6,"minecraft:obsidian":15,"minecraft:cobblestone":344,"minecraft:blaze_powder":3,"minecraft:enchanting_table":1,"minecraft:leather_chestplate":3,"minecraft:magma_cream":2,"minecraft:andesite":14,"minecraft:black_bed":4,"minecraft:golden_leggings":3,"minecraft:potato":612,"alexsmobs:bear_fur":2,"minecraft:tuff":626,"ancient_elements:selenite_crystal_block":2,"minecraft:wither_skeleton_skull":1,"minecraft:lapis_lazuli":125,"minecraft:dirt":642,"born_in_chaos_v1:monster_skin":7,"create:cut_tuff_wall":1,"minecraft:leather_boots":1,"create:polished_cut_tuff_wall":2,"minecraft:glass":10,"minecraft:bone":344,"minecraft:bow":19,"minecraft:wheat_seeds":19,"minecraft:raw_gold":26,"minecraft:cobbled_deepslate_slab":5,"minecraft:grindstone":1,"minecraft:mossy_stone_bricks":13,"minecraft:bamboo":1,"orcz:big_bone_1":1,"alexsmobs:blobfish":1,"travelersbackpack:gold":2,"minecraft:oak_planks":13,"minecraft:mossy_stone_brick_stairs":5,"minecraft:cooked_porkchop":6,"minecraft:music_disc_13":1,"orcz:skullwandorc":1,"orcz:orcagaric":1,"minecraft:poisonous_potato":4,"evilcraft:dark_gem_crushed":24,"create:cut_deepslate_bricks":6,"minecraft:sand":100,"minecraft:melon":1,"minecraft:nether_brick_stairs":2,"minecraft:grass_block":1,"minecraft:dead_bush":52,"magistuarmory:rustedgreathelm":1,"minecraft:spectral_arrow":16,"minecraft:mossy_cobblestone":20,"cataclysm:music_disc_netherite_monstrosity":2,"minecraft:diamond":86,"minecraft:soul_lantern":2,"evilcraft:broom":9,"minecraft:cracked_polished_blackstone_bricks":9,"magistuarmory:corruptedroundshield":3,"minecraft:crossbow":2,"minecraft:grass":1,"minecraft:golden_apple":8,"minecraft:white_concrete":1,"scalinghealth:cursed_heart":1,"minecraft:emerald":34,"orcz:ironscrap":2,"minecraft:oak_sapling":1,"minecraft:netherrack":19580,"born_in_chaos_v1:sea_terror_stomach":1,"endrem:magical_eye":2,"born_in_chaos_v1:diamond_termite_shard":1,"evilcraft:dark_power_gem":1,"artifacts:night_vision_goggles":2,"minecraft:chicken":6,"minecraft:ladder":3,"minecraft:gold_block":16,"minecraft:chain":2,"minecraft:shield":9,"ancient_elements:music_disc_luminous":1,"minecraft:iron_axe":4,"minecraft:item_frame":5,"minecraft:cyan_carpet":2,"minecraft:blackstone":510,"graveyard:corruption":1,"minecraft:candle":5,"scalinghealth:chance_heart":6,"ancient_elements:raw_infernal_ore":1,"minecraft:player_head":1,"minecraft:observer":1,"minecraft:sugar_cane":4,"minecraft:spruce_trapdoor":11,"tombstone:ankh_of_pray":2,"minecraft:raw_iron":33,"evilcraft:origins_of_darkness":1,"endrem:nether_eye":1,"minecraft:polished_blackstone_bricks":203,"ancient_elements:raw_tin":94,"born_in_chaos_v1:charmof_endurance":1,"create:cut_tuff":6,"minecraft:dark_oak_planks":2,"minecraft:purple_terracotta":12,"ancient_elements:nocturnal_shard":1,"minecraft:smooth_sandstone_slab":1,"minecraft:arrow":265,"magistuarmory:gold_lochaberaxe":1,"minecraft:nether_bricks":34,"minecraft:stripped_dark_oak_wood":1,"bosses_of_mass_destruction:blazing_eye":2,"minecraft:saddle":2,"minecraft:black_banner":5,"bosses_of_mass_destruction:ancient_anima":2,"minecraft:nether_brick_wall":1,"born_in_chaos_v1:fused_bone":3,"minecraft:cracked_deepslate_tiles":8,"born_in_chaos_v1:corpse_maggot":82,"minecraft:prismarine_slab":1,"minecraft:basalt":17,"minecraft:golden_carrot":49,"minecraft:glow_ink_sac":4,"minecraft:salmon":3,"cataclysm:ignitium_ingot":1,"minecraft:leather":36,"minecraft:chainmail_chestplate":1,"minecraft:cobbled_deepslate_stairs":44,"artifacts:cloud_in_a_bottle":2,"minecraft:gunpowder":98,"scalinghealth:heart_crystal":75,"minecraft:deepslate_tile_slab":1,"minecraft:smooth_sandstone":1,"minecraft:red_carpet":1,"cataclysm:infernal_forge":3,"neapolitan:ice_cubes":316,"ancient_elements:raw_meteorite":38,"minecraft:iron_ingot":16,"minecraft:cooked_chicken":3,"artifacts:kitty_slippers":1,"ancient_elements:cerulean_slimeball":3,"minecraft:soul_sand":28,"minecraft:book":201,"scalinghealth:heart_crystal_shard":78,"ancient_elements:mining_helmet_helmet":1,"born_in_chaos_v1:death_totem":1,"minecraft:pumpkin":1,"magistuarmory:rustedchainmail_chestplate":1,"minecraft:chiseled_stone_bricks":3,"minecraft:quartz":251,"born_in_chaos_v1:dark_rod":3,"minecraft:blast_furnace":5,"minecraft:white_bed":1,"minecraft:nether_brick_slab":20,"minecraft:spider_eye":27,"mowziesmobs:naga_fang":2,"magistuarmory:rustedchainmail_helmet":1,"biomesoplenty:bramble":11,"magistuarmory:rusted_bastardsword":1,"evilcraft:dark_gem":86,"minecraft:chainmail_leggings":3,"minecraft:iron_helmet":2,"minecraft:mossy_cobblestone_stairs":2,"cataclysm:the_incinerator":1,"tombstone:magic_scroll":13,"minecraft:black_wool":13,"minecraft:coal":133,"ancient_elements:meteorite_boots":1}},"DataVersion":3120}