{"stats":{"minecraft:crafted":{"travelersbackpack:crafting_upgrade":1,"securitycraft:keypad_item":6,"travelersbackpack:diamond":1,"travelersbackpack:bat":2,"minecraft:quartz_block":37,"minecraft:glass":21,"minecraft:diamond_helmet":3,"minecraft:diamond_leggings":2,"ancient_elements:nether_steel_chestplate":2,"minecraft:iron_door":3,"ancient_elements:nether_steel_helmet":2,"scalinghealth:power_crystal":2,"minecraft:emerald":1,"minecraft:copper_ingot":60,"tombstone:white_marble":5,"cataclysm:monstrous_helm":1,"minecraft:iron_pickaxe":1,"ancient_elements:nether_steel_leggings":2,"minecraft:netherite_ingot":7,"royalvariations:royal_bone_meal":12,"tombstone:book_of_disenchantment":12,"ancient_elements:nether_steel_sword":1,"travelersbackpack:blank_upgrade":4,"travelersbackpack:gold_tier_upgrade":2,"securitycraft:universal_block_remover":1,"minecraft:diamond_boots":2,"minecraft:redstone_block":1,"minecraft:coal_block":2,"minecraft:netherite_pickaxe":1,"securitycraft:door_indestructible_iron_item":1,"tombstone:grave_plate":1,"minecraft:oak_planks":24,"biomesoplenty:cherry_planks":40,"ancient_elements:nether_steel_ingot":128,"minecraft:lightning_rod":4,"minecraft:stone":109,"minecraft:heavy_weighted_pressure_plate":18,"securitycraft:laser_block":1,"minecraft:chest":23,"minecraft:netherite_helmet":1,"tombstone:decorative_grave_original":1,"travelersbackpack:iron_tier_upgrade":2,"minecraft:crafting_table":3,"minecraft:spruce_planks":144,"tombstone:impregnated_diamond":1,"biomesoplenty:fir_planks":228,"minecraft:diamond_pickaxe":2,"minecraft:stick":60,"minecraft:iron_ingot":166,"minecraft:shears":1,"securitycraft:universal_block_reinforcer_lvl1":1,"travelersbackpack:netherite_tier_upgrade":1,"minecraft:coal":9,"minecraft:furnace":3,"minecraft:stone_button":102,"minecraft:glass_pane":16,"minecraft:leather":16,"minecraft:netherite_scrap":33,"travelersbackpack:diamond_tier_upgrade":1,"minecraft:diamond_sword":1,"ancient_elements:nether_steel_boots":2,"travelersbackpack:backpack_tank":2,"tombstone:ankh_of_pray":1,"scalinghealth:heart_crystal":6,"travelersbackpack:netherite":6,"minecraft:air":0,"minecraft:torch":20,"minecraft:diamond_chestplate":2},"minecraft:broken":{"ancient_elements:nether_steel_chestplate":1,"minecraft:diamond_helmet":1,"minecraft:diamond_pickaxe":1,"ancient_elements:nether_steel_leggings":1,"ancient_elements:nether_steel_boots":1,"minecraft:iron_pickaxe":1,"minecraft:diamond_boots":1,"minecraft:leather_boots":1},"minecraft:custom":{"minecraft:interact_with_crafting_table":111,"minecraft:open_barrel":221,"goblintraders:trade_with_goblin":61,"minecraft:bell_ring":4,"minecraft:leave_game":16,"minecraft:time_since_death":589684,"minecraft:damage_blocked_by_shield":384,"minecraft:play_time":1318160,"minecraft:deaths":31,"minecraft:jump":9077,"minecraft:enchant_item":4,"minecraft:interact_with_furnace":91,"minecraft:play_record":6,"minecraft:sleep_in_bed":6,"tombstone:sneak_grave":12,"minecraft:damage_dealt":305173,"tombstone:use_disenchantment":11,"tombstone:undead_killed":525,"minecraft:interact_with_smoker":11,"minecraft:interact_with_smithing_table":24,"minecraft:interact_with_anvil":48,"minecraft:inspect_hopper":1,"minecraft:damage_dealt_absorbed":6267,"minecraft:sneak_time":28593,"minecraft:interact_with_lectern":2,"minecraft:interact_with_blast_furnace":34,"minecraft:total_world_time":1318160,"tombstone:raider_killed":29,"tombstone:pray_on_grave":2,"minecraft:time_since_rest":273,"tombstone:cast_on_ally":1,"minecraft:swim_one_cm":249295,"minecraft:fly_one_cm":13704122,"minecraft:open_chest":777,"minecraft:fall_one_cm":1517406,"minecraft:damage_resisted":399,"minecraft:sprint_one_cm":1271219,"minecraft:drop":263,"minecraft:talked_to_villager":38,"minecraft:walk_on_water_one_cm":107132,"minecraft:crouch_one_cm":81833,"tombstone:villager_killed":1,"minecraft:mob_kills":1195,"minecraft:damage_dealt_resisted":25945,"minecraft:climb_one_cm":4198,"minecraft:walk_one_cm":1518341,"tombstone:consume_soul":11,"minecraft:walk_under_water_one_cm":921968,"minecraft:interact_with_grindstone":6,"minecraft:damage_taken":61015,"minecraft:damage_absorbed":202,"minecraft:trigger_trapped_chest":1},"minecraft:mined":{"minecraft:dark_oak_planks":4,"biomesoplenty:cherry_log":10,"minecraft:white_bed":3,"minecraft:red_nether_bricks":1,"biomesoplenty:brimstone":6,"minecraft:obsidian":1,"biomesoplenty:burning_blossom":1,"minecraft:granite":69,"minecraft:stone_brick_wall":2,"minecraft:deepslate_bricks":3,"minecraft:coal_block":4,"biomesoplenty:orange_sandstone":3,"minecraft:nether_wart":1,"minecraft:chiseled_stone_bricks":1,"minecraft:spawner":69,"minecraft:polished_blackstone_bricks":4,"minecraft:weeping_vines_plant":4,"minecraft:tall_seagrass":6,"minecraft:magma_block":1,"minecraft:cobbled_deepslate":53,"minecraft:fire":32,"minecraft:barrel":2,"ancient_elements:tin_ore":2,"minecraft:deepslate_lapis_ore":4,"minecraft:stripped_dark_oak_wood":1,"minecraft:nether_brick_stairs":2,"minecraft:enchanting_table":3,"minecraft:oak_stairs":7,"biomesoplenty:webbing":1,"minecraft:deepslate_brick_stairs":1,"minecraft:cut_sandstone":17,"minecraft:red_bed":3,"minecraft:kelp_plant":8,"minecraft:crimson_nylium":2,"minecraft:soul_fire":15,"biomesoplenty:brimstone_fumarole":1,"minecraft:torch":21,"minecraft:dark_oak_wood":1,"create:scoria":13,"minecraft:glass":1,"minecraft:damaged_anvil":1,"born_in_chaos_v1:black_argillite_button":1,"minecraft:amethyst_block":3,"minecraft:black_concrete_powder":2,"minecraft:magenta_bed":1,"minecraft:lilac":1,"minecraft:jukebox":1,"minecraft:grass":37,"minecraft:smooth_quartz":28,"minecraft:smooth_basalt":4,"minecraft:deepslate":807,"minecraft:light_blue_stained_glass_pane":4,"minecraft:deepslate_tiles":2,"minecraft:dark_prismarine":3,"minecraft:dark_oak_log":1,"minecraft:cyan_stained_glass":1,"minecraft:nether_bricks":24,"minecraft:cobbled_deepslate_slab":1,"minecraft:spruce_fence":10,"minecraft:jungle_planks":8,"born_in_chaos_v1:black_argillite":5,"minecraft:crimson_roots":1,"graveyard:tg_deepslate":1,"ancient_elements:meteorite_block":1,"minecraft:red_mushroom":1,"minecraft:kelp":4,"biomesoplenty:dune_grass":1,"minecraft:black_stained_glass_pane":2,"minecraft:andesite":80,"bosses_of_mass_destruction:gauntlet_blackstone":1,"minecraft:smooth_quartz_stairs":1,"ancient_elements:reflectine":2,"ancient_elements:steel_ore":1,"biomesoplenty:porous_flesh":1,"minecraft:gray_concrete":2,"biomesoplenty:fir_planks":10,"minecraft:lightning_rod":1,"minecraft:tall_grass":11,"minecraft:copper_ore":10,"minecraft:cracked_deepslate_bricks":1,"minecraft:diorite":87,"minecraft:spruce_log":35,"bosses_of_mass_destruction:levitation_block":2,"minecraft:gravel":55,"minecraft:cobweb":20,"minecraft:polished_blackstone":1,"minecraft:stone_bricks":16,"minecraft:chipped_anvil":4,"minecraft:fern":5,"create:deepslate_zinc_ore":7,"minecraft:spruce_planks":4,"minecraft:cobbled_deepslate_stairs":1,"minecraft:jungle_slab":1,"minecraft:sculk_vein":1,"minecraft:spruce_trapdoor":1,"minecraft:grass_block":85,"minecraft:cracked_polished_blackstone_bricks":2,"minecraft:white_concrete":3,"minecraft:gilded_blackstone":1,"minecraft:sculk_catalyst":1,"minecraft:red_nether_brick_stairs":1,"minecraft:iron_ore":79,"minecraft:black_carpet":2,"minecraft:anvil":3,"minecraft:dark_oak_stairs":3,"biomesoplenty:pink_cherry_leaves":10,"evilcraft:infested_nether_nether_bricks":5,"minecraft:iron_bars":11,"graveyard:wither_skull_pile":1,"minecraft:deepslate_redstone_ore":7,"minecraft:cyan_terracotta":14,"minecraft:blackstone":14,"minecraft:calcite":3,"minecraft:chest":35,"ancient_elements:deepslate_tin_ore":2,"minecraft:nether_quartz_ore":4,"minecraft:cobblestone":33,"minecraft:oak_planks":8,"minecraft:iron_door":9,"minecraft:wall_torch":32,"minecraft:deepslate_copper_ore":1,"minecraft:seagrass":5,"minecraft:stone_stairs":1,"minecraft:dark_oak_slab":2,"ancient_elements:nether_steel_ore":128,"biomesoplenty:fir_log":60,"minecraft:cracked_deepslate_tiles":2,"biomesoplenty:clover":5,"graveyard:creeper_skeleton":1,"minecraft:oak_log":3,"minecraft:sand":60,"minecraft:dirt":262,"minecraft:raw_copper_block":1,"minecraft:netherrack":851,"minecraft:ancient_debris":30,"minecraft:oak_leaves":18,"minecraft:nether_gold_ore":2,"minecraft:diamond_ore":6,"minecraft:crying_obsidian":1,"minecraft:tuff":52,"ancient_elements:lead_ore":3,"minecraft:deepslate_diamond_ore":77,"minecraft:blackstone_wall":2,"biomesoplenty:bush":2,"minecraft:stone_button":1,"minecraft:spruce_leaves":22,"minecraft:sandstone":16,"minecraft:hay_block":1,"minecraft:deepslate_brick_slab":2,"minecraft:furnace":5,"minecraft:raw_gold_block":12,"minecraft:polished_basalt":1,"minecraft:gold_block":1,"minecraft:nether_brick_fence":3,"biomesoplenty:sea_oats":1,"minecraft:polished_deepslate":1,"minecraft:bookshelf":28,"minecraft:deepslate_iron_ore":20,"ancient_elements:palladium_ore":2,"biomesoplenty:spider_egg":2,"minecraft:stone":1167,"minecraft:infested_stone_bricks":3,"minecraft:basalt":15,"minecraft:polished_granite":4,"minecraft:crafting_table":6,"minecraft:rose_bush":1,"minecraft:sculk_sensor":7,"minecraft:quartz_bricks":1,"born_in_chaos_v1:chipped_black_argillite_brick":1,"biomesoplenty:sprout":5,"minecraft:lapis_ore":2,"minecraft:sculk":41,"minecraft:spruce_stairs":1,"minecraft:birch_planks":13,"minecraft:gray_concrete_powder":1,"biomesoplenty:white_cherry_leaves":1,"minecraft:polished_blackstone_stairs":3,"minecraft:ice":12,"minecraft:gray_bed":2,"minecraft:coal_ore":85,"biomesoplenty:fir_leaves":26,"minecraft:cyan_carpet":6,"minecraft:cracked_stone_bricks":7,"evilcraft:bloody_cobblestone":7,"create:layered_tuff":1,"minecraft:mossy_stone_bricks":9},"minecraft:used":{"minecraft:chest":34,"securitycraft:keypad_item":7,"travelersbackpack:emerald":1,"cataclysm:infernal_forge":19,"ancient_elements:nether_steel_sword":1321,"minecraft:quartz_block":37,"minecraft:dark_oak_slab":1,"ancient_elements:nether_steel_boots":4,"minecraft:bow":263,"minecraft:furnace":8,"minecraft:potato":12,"minecraft:diorite":5,"securitycraft:door_indestructible_iron_item":1,"minecraft:chorus_fruit":4,"minecraft:blackstone":3,"minecraft:leather_chestplate":1,"minecraft:golden_apple":5,"minecraft:glow_berries":19,"minecraft:sand":7,"scalinghealth:cursed_heart":1,"securitycraft:universal_block_remover":3,"minecraft:lightning_rod":5,"scalinghealth:enchanted_heart":9,"travelersbackpack:netherite":4,"minecraft:stone_button":1,"minecraft:diamond_sword":1321,"minecraft:coal_block":2,"cataclysm:music_disc_ignis":1,"securitycraft:reinforced_cobbled_deepslate":3,"neapolitan:chocolate_bar":3,"minecraft:enchanting_table":2,"tombstone:grave_plate":1,"travelersbackpack:bat":5,"minecraft:netherrack":160,"minecraft:torch":115,"minecraft:anvil":1,"tombstone:ankh_of_pray":28,"minecraft:chipped_anvil":2,"minecraft:iron_axe":109,"minecraft:diamond_chestplate":1,"minecraft:basalt":24,"tombstone:gift":10,"minecraft:cobbled_deepslate":340,"ancient_elements:nether_steel_leggings":3,"ancient_elements:meteorite_pickaxe":18,"minecraft:deepslate_bricks":29,"ancient_elements:hellstone_sword":1108,"minecraft:crafting_table":8,"minecraft:white_bed":3,"minecraft:diamond_pickaxe":3773,"minecraft:diamond_shovel":239,"minecraft:iron_pickaxe":250,"tombstone:magic_scroll":1,"minecraft:cobblestone":111,"minecraft:cooked_porkchop":25,"bosses_of_mass_destruction:levitation_block":1,"biomesoplenty:fir_log":2,"minecraft:jukebox":1,"minecraft:shield":20,"minecraft:iron_chestplate":1,"minecraft:nether_bricks":1,"minecraft:carrot":29,"minecraft:music_disc_13":1,"minecraft:glass":1,"minecraft:cyan_terracotta":1,"minecraft:dark_oak_wood":1,"takesapillage:bastille_blues_music_disc":2,"minecraft:gray_bed":2,"cataclysm:monstrous_helm":1,"minecraft:diamond_boots":1,"minecraft:wither_skeleton_skull":2,"minecraft:ender_pearl":2,"biomesoplenty:fir_planks":218,"minecraft:dark_oak_log":1,"minecraft:music_disc_mall":2,"minecraft:bread":104,"tombstone:grave_key":29,"minecraft:experience_bottle":171,"biomesoplenty:brimstone":3,"minecraft:spruce_planks":8,"minecraft:dirt":41,"scalinghealth:heart_crystal":76,"tombstone:scroll_of_aquatic_life":1,"ancient_elements:nether_steel_chestplate":4,"evilcraft:box_of_eternal_closure":4,"scalinghealth:power_crystal":2,"biomesoplenty:orange_sandstone":3,"neapolitan:ice_cubes":2,"minecraft:golden_carrot":20,"minecraft:netherite_pickaxe":233,"minecraft:cooked_beef":22,"minecraft:enchanted_golden_apple":1,"tombstone:decorative_grave_original":1,"minecraft:cooked_mutton":1,"tombstone:scroll_of_knowledge":7,"minecraft:baked_potato":10,"scalinghealth:chance_heart":5,"ancient_elements:iron_hammer":12,"ancient_elements:nether_steel_helmet":4,"tombstone:bag_of_seeds":9,"endrem:rogue_eye":6,"minecraft:apple":7,"minecraft:cobbled_deepslate_slab":1,"minecraft:bucket":2,"minecraft:pumpkin_pie":1,"alexsmobs:animal_dictionary":1},"minecraft:killed_by":{"minecraft:zombie":1,"ancient_elements:stone_golem":1,"bosses_of_mass_destruction:gauntlet":15,"cave_dweller:cave_dweller":1,"minecraft:wither_skeleton":2,"minecraft:cave_spider":4,"graveyard:ghoul":1,"minecraft:skeleton":1,"alexsmobs:crimson_mosquito":1},"minecraft:dropped":{"minecraft:cooked_beef":30,"minecraft:lime_stained_glass":15,"minecraft:dark_oak_slab":2,"minecraft:weeping_vines":2,"minecraft:warped_roots":1,"minecraft:cracked_stone_bricks":4,"born_in_chaos_v1:pieceofdarkmetal":4,"born_in_chaos_v1:nightmare_claw":1,"minecraft:emerald":98,"born_in_chaos_v1:monster_flesh":2,"minecraft:dirt":35,"evilcraft:broom":1,"magistuarmory:rusted_bastardsword":2,"minecraft:chain":14,"minecraft:gold_nugget":10,"minecraft:sunflower":1,"minecraft:phantom_membrane":2,"minecraft:sand":4,"magistuarmory:corruptedroundshield":1,"minecraft:white_wool":1,"tombstone:familiar_receptacle":2,"minecraft:cyan_carpet":1,"minecraft:bone":147,"magistuarmory:rustedchainmail_leggings":1,"minecraft:goat_horn":1,"minecraft:cobbled_deepslate":4,"minecraft:deepslate_brick_slab":1,"minecraft:rotten_flesh":43,"minecraft:oak_planks":1,"minecraft:blaze_powder":1,"bosses_of_mass_destruction:soul_star":1,"minecraft:leather_leggings":1,"endrem:nether_eye":1,"minecraft:red_nether_bricks":1,"cataclysm:infernal_forge":1,"alexsmobs:mosquito_proboscis":2,"born_in_chaos_v1:intoxicating_decoction":1,"minecraft:wheat_seeds":2,"minecraft:cobbled_deepslate_stairs":1,"minecraft:feather":1,"minecraft:cobblestone":168,"minecraft:granite":20,"minecraft:coal":10,"minecraft:golden_apple":1,"minecraft:diamond_horse_armor":1,"born_in_chaos_v1:black_argillite":1,"minecraft:diamond_helmet":2,"minecraft:chipped_anvil":3,"minecraft:chainmail_leggings":1,"minecraft:string":18,"takesapillage:bastille_blues_music_disc":4,"royalvariations:royal_bone_meal":6,"minecraft:stone_sword":1,"minecraft:cocoa_beans":4,"born_in_chaos_v1:rotten_fish":1,"neapolitan:ice_cubes":9,"minecraft:pumpkin_seeds":1,"minecraft:diamond_sword":2,"minecraft:bundle":3,"minecraft:spruce_planks":3,"minecraft:diamond_pickaxe":1,"minecraft:stone_bricks":1,"minecraft:spider_eye":5,"minecraft:bow":2,"scalinghealth:bandages":5,"alexsmobs:straddlite":1,"minecraft:dark_oak_stairs":1,"minecraft:oak_log":2,"minecraft:leather":21,"minecraft:flint":1,"minecraft:netherite_scrap":1,"minecraft:polished_blackstone_bricks":26,"minecraft:gold_ingot":85,"ancient_elements:nether_steel_sword":1,"minecraft:blackstone":1,"royalvariations:royal_bone":1,"born_in_chaos_v1:ethereal_spirit":7,"travelersbackpack:bat":1,"minecraft:leather_chestplate":2,"minecraft:gunpowder":2,"minecraft:beetroot_seeds":7,"born_in_chaos_v1:corpse_maggot":2,"minecraft:stone_brick_wall":2,"bosses_of_mass_destruction:blazing_eye":2,"minecraft:basalt":6,"minecraft:iron_ore":14,"minecraft:arrow":61,"minecraft:quartz":3,"minecraft:netherrack":16,"minecraft:bread":77,"mowziesmobs:foliaath_seed":2,"minecraft:grass_block":1,"minecraft:stick":10,"scalinghealth:heart_crystal":1,"minecraft:torch":26,"born_in_chaos_v1:fused_bone":4,"minecraft:iron_door":9,"tombstone:grave_dust":1,"minecraft:iron_axe":1,"minecraft:smooth_basalt":2,"minecraft:blaze_rod":1,"minecraft:tuff":11,"bosses_of_mass_destruction:levitation_block":1,"minecraft:red_nether_brick_stairs":1,"minecraft:filled_map":1,"minecraft:shield":1,"minecraft:diamond_chestplate":1,"minecraft:golden_leggings":1,"evilcraft:bloody_cobblestone":1,"minecraft:golden_sword":2,"minecraft:diamond_boots":1,"minecraft:spruce_log":2,"minecraft:raw_gold":12,"securitycraft:universal_block_reinforcer_lvl1":1},"minecraft:killed":{"minecraft:cave_spider":45,"orcz:goblinshield":2,"born_in_chaos_v1:restless_spirit":13,"born_in_chaos_v1:zombie_lumberjack":5,"born_in_chaos_v1:skeleton_demoman":5,"born_in_chaos_v1:door_knight_not_despawn":1,"royalvariations:royal_skeleton":5,"graveyard:wraith":3,"mowziesmobs:frostmaw":1,"born_in_chaos_v1:siamese_skeletonsright":6,"minecraft:skeleton":162,"graveyard:acolyte":9,"minecraft:fox":1,"bosses_of_mass_destruction:gauntlet":1,"born_in_chaos_v1:skeleton_thrasher":3,"alexsmobs:straddler":3,"alexsmobs:skelewag":4,"minecraft:magma_cube":33,"naturalist:firefly":1,"born_in_chaos_v1:bone_imp":2,"orcz:goblinwerid":1,"mutantmonsters:mutant_skeleton":1,"minecraft:pillager":3,"minecraft:zombie":138,"born_in_chaos_v1:corpse_fly":25,"cataclysm:deepling":1,"orcz:bigorcboss":2,"born_in_chaos_v1:door_knight":9,"orcz:orcsavage_2sword":3,"takesapillage:archer":4,"mowziesmobs:naga":2,"minecraft:evoker":1,"graveyard:nightmare":3,"graveyard:corrupted_vindicator":16,"alexsmobs:raccoon":3,"minecraft:vindicator":1,"alexsmobs:seagull":2,"naturalist:duck":1,"born_in_chaos_v1:firelight":3,"alexsmobs:gorilla":3,"ancient_elements:undead_miner":2,"orcz:orcsavagemace":4,"goblintraders:goblin_trader":1,"cataclysm:deepling_angler":4,"born_in_chaos_v1:spirit_guide":3,"minecraft:husk":1,"alexsmobs:guster":2,"graveyard:ghoul":1,"minecraft:wandering_trader":1,"born_in_chaos_v1:decrepit_skeleton":22,"royalvariations:royal_zombie":8,"alexsmobs:catfish":1,"alexsmobs:giant_squid":1,"alexsmobs:crocodile":2,"born_in_chaos_v1:dark_vortex":5,"minecraft:enderman":8,"born_in_chaos_v1:zombie_clown":1,"evilcraft:netherfish":3,"minecraft:zombified_piglin":23,"minecraft:witch":2,"minecraft:spider":57,"cataclysm:netherite_monstrosity":2,"alexsmobs:froststalker":2,"born_in_chaos_v1:scarlet_persecutor":7,"alexsmobs:banana_slug":1,"graveyard:reaper":2,"minecraft:silverfish":2,"minecraft:illusioner":3,"alexsmobs:hammerhead_shark":2,"minecraft:piglin_brute":6,"born_in_chaos_v1:firelight_not_despawn":3,"artifacts:mimic":4,"minecraft:piglin":2,"born_in_chaos_v1:bonescaller":2,"orcz:weirdboinecro":1,"minecraft:pig":5,"minecraft:zombie_villager":3,"orcz:goblinsavagemace":3,"born_in_chaos_v1:glutton_fish":3,"minecraft:creeper":19,"alexsmobs:crimson_mosquito":22,"minecraft:sheep":1,"mowziesmobs:lantern":1,"minecraft:trader_llama":2,"born_in_chaos_v1:dread_hound":8,"minecraft:stray":6,"minecraft:ghast":7,"cave_dweller:cave_dweller":5,"orcz:snot":1,"graveyard:corrupted_pillager":13,"orcz:orcshield":3,"born_in_chaos_v1:siamese_skeletonsleft":6,"minecraft:blaze":20,"royalvariations:royal_creeper":1,"minecraft:vex":2,"born_in_chaos_v1:missioner":2,"takesapillage:legioner":2,"graveyard:revenant":2,"born_in_chaos_v1:zombie_bruiser":10,"born_in_chaos_v1:maggot":91,"minecraft:phantom":7,"alexsmobs:blue_jay":2,"cataclysm:lionfish":4,"alexsmobs:bison":8,"minecraft:drowned":44,"born_in_chaos_v1:corpse_fish":15,"born_in_chaos_v1:siamese_skeletons":3,"born_in_chaos_v1:fallen_chaos_knight":2,"born_in_chaos_v1:baby_skeleton":5,"born_in_chaos_v1:swarmer":4,"born_in_chaos_v1:spirit_guide_assistant":2,"takesapillage:skirmisher":6,"minecraft:hoglin":5,"born_in_chaos_v1:phantom_creeper_copy":3,"mutantmonsters:mutant_enderman":1,"born_in_chaos_v1:decaying_zombie":3,"naturalist:catfish":1,"born_in_chaos_v1:nightmare_stalker":4,"minecraft:wither_skeleton":21,"orcz:goblin_2sword":1},"minecraft:picked_up":{"minecraft:iron_chestplate":1,"minecraft:anvil":3,"minecraft:lead":2,"minecraft:diamond_sword":4,"minecraft:enchanted_book":13,"minecraft:golden_sword":2,"minecraft:string":86,"minecraft:red_nether_bricks":1,"ancient_elements:meteorite_block":1,"minecraft:gold_nugget":18,"minecraft:cobbled_deepslate":817,"bosses_of_mass_destruction:soul_star":4,"minecraft:spruce_planks":5,"minecraft:coal_block":92,"ancient_elements:nether_steel_sword":1,"minecraft:jukebox":1,"minecraft:polished_blackstone_stairs":2,"born_in_chaos_v1:shattered_skull":1,"magistuarmory:rusted_heavymace":1,"minecraft:golden_axe":1,"minecraft:lightning_rod":1,"travelersbackpack:iron":1,"minecraft:stone_sword":1,"securitycraft:reinforced_cobbled_deepslate":3,"minecraft:cyan_terracotta":10,"endrem:rogue_eye":4,"minecraft:blaze_rod":2,"takesapillage:bastille_blues_music_disc":5,"minecraft:iron_bars":2,"minecraft:snowball":1,"bosses_of_mass_destruction:levitation_block":2,"minecraft:feather":2,"minecraft:cooked_beef":52,"orcz:orcteeth":22,"magistuarmory:rustedchainmail_boots":2,"minecraft:iron_door":9,"ancient_elements:nether_steel_helmet":1,"biomesoplenty:fir_sapling":5,"biomesoplenty:fir_log":74,"ancient_elements:raw_lead":1,"minecraft:flint":8,"minecraft:magenta_bed":1,"minecraft:gray_concrete":2,"tombstone:familiar_receptacle":2,"born_in_chaos_v1:nightmare_stalker_skull":1,"minecraft:chipped_anvil":7,"minecraft:diamond_helmet":1,"biomesoplenty:cherry_log":10,"royalvariations:royal_bone":4,"ancient_elements:hellstone_sword":1,"minecraft:dark_oak_log":1,"minecraft:bundle":11,"cataclysm:lionfish":1,"minecraft:quartz_bricks":1,"minecraft:granite":44,"minecraft:bread":58,"alexsmobs:maggot":2,"born_in_chaos_v1:rotten_fish":15,"minecraft:diamond_pickaxe":4,"minecraft:crimson_roots":3,"minecraft:crafting_table":6,"minecraft:leather_leggings":2,"born_in_chaos_v1:charmof_resistance":1,"minecraft:red_bed":1,"minecraft:netherite_scrap":1,"born_in_chaos_v1:intoxicating_decoction":2,"minecraft:cracked_stone_bricks":5,"minecraft:chest":12,"minecraft:sandstone":1,"minecraft:stone":27,"minecraft:raw_gold_block":12,"artifacts:charm_of_sinking":1,"alexsmobs:straddlite":1,"minecraft:spruce_fence":2,"orcz:orchorn":1,"born_in_chaos_v1:pieceofdarkmetal":12,"minecraft:carrot":39,"minecraft:redstone":34,"ancient_elements:reflectine":2,"minecraft:diamond_chestplate":2,"royalvariations:royal_bone_meal":6,"minecraft:beetroot_seeds":4,"minecraft:deepslate_bricks":61,"minecraft:hay_block":1,"tombstone:essence_of_undeath":5,"minecraft:gold_ingot":73,"minecraft:polished_blackstone":1,"minecraft:white_wool":1,"minecraft:rail":1,"magistuarmory:rustedhalfarmor_chestplate":2,"born_in_chaos_v1:monster_flesh":5,"minecraft:filled_map":1,"royalvariations:spiritual_crown_shard":1,"evilcraft:blood_pearl_of_teleportation":1,"minecraft:oak_log":8,"scalinghealth:bandages":15,"minecraft:ancient_debris":30,"alexsmobs:mosquito_proboscis":2,"minecraft:apple":2,"minecraft:stone_bricks":2,"mowziesmobs:foliaath_seed":2,"minecraft:cobweb":6,"ancient_elements:raw_nether_steel":128,"scalinghealth:power_crystal_shard":26,"tombstone:bag_of_seeds":3,"minecraft:glass_bottle":2,"minecraft:gray_bed":2,"travelersbackpack:blank_upgrade":2,"minecraft:dark_oak_stairs":1,"minecraft:smooth_basalt":2,"endrem:witch_pupil":1,"minecraft:dark_oak_slab":3,"born_in_chaos_v1:ethereal_spirit":28,"minecraft:gravel":29,"minecraft:spruce_sapling":1,"minecraft:spruce_log":38,"magistuarmory:rustedchainmail_leggings":3,"minecraft:leather_helmet":7,"minecraft:diamond_shovel":1,"minecraft:slime_ball":2,"minecraft:warped_roots":1,"minecraft:ender_pearl":9,"securitycraft:keypad_item":1,"travelersbackpack:bat":1,"cataclysm:monstrous_horn":1,"travelersbackpack:emerald":1,"born_in_chaos_v1:black_argillite":2,"minecraft:raw_copper":32,"biomesoplenty:brimstone":4,"alexsmobs:blood_sac":8,"biomesoplenty:fir_planks":10,"minecraft:ender_eye":7,"minecraft:smooth_quartz":12,"minecraft:iron_pickaxe":2,"minecraft:smooth_quartz_stairs":1,"minecraft:iron_boots":1,"minecraft:furnace":5,"minecraft:stick":3,"minecraft:oak_fence":2,"born_in_chaos_v1:phantom_powder":1,"minecraft:torch":103,"minecraft:spruce_stairs":1,"tombstone:grave_dust":64,"minecraft:diorite":26,"born_in_chaos_v1:nightmare_claw":3,"minecraft:goat_horn":1,"minecraft:rotten_flesh":204,"minecraft:deepslate_brick_stairs":1,"minecraft:cobblestone":1029,"minecraft:enchanting_table":3,"minecraft:leather_chestplate":4,"minecraft:magma_cream":2,"minecraft:andesite":17,"minecraft:golden_leggings":1,"minecraft:potato":8,"minecraft:tuff":36,"minecraft:wither_skeleton_skull":2,"minecraft:lapis_lazuli":40,"minecraft:dirt":263,"minecraft:polished_granite":1,"born_in_chaos_v1:monster_skin":8,"cataclysm:music_disc_ignis":1,"minecraft:leather_boots":1,"minecraft:bone":294,"evilcraft:bloody_cobblestone":5,"minecraft:bow":4,"minecraft:wheat_seeds":2,"minecraft:deepslate_brick_slab":1,"minecraft:raw_gold":7,"minecraft:cobbled_deepslate_slab":1,"minecraft:mossy_stone_bricks":3,"minecraft:oak_planks":4,"minecraft:cooked_porkchop":21,"minecraft:music_disc_13":1,"minecraft:sand":52,"minecraft:jungle_planks":4,"minecraft:grass_block":2,"minecraft:jungle_slab":1,"magistuarmory:rustedgreathelm":1,"minecraft:spectral_arrow":6,"minecraft:dark_prismarine":1,"cataclysm:music_disc_netherite_monstrosity":1,"born_in_chaos_v1:fire_dust":6,"minecraft:diamond":98,"evilcraft:broom":1,"minecraft:cracked_polished_blackstone_bricks":1,"magistuarmory:corruptedroundshield":1,"minecraft:crossbow":1,"minecraft:white_concrete":3,"minecraft:bone_meal":3,"minecraft:golden_apple":1,"minecraft:emerald":102,"scalinghealth:cursed_heart":1,"minecraft:netherrack":231,"born_in_chaos_v1:sea_terror_stomach":1,"minecraft:fishing_rod":1,"minecraft:cocoa_beans":7,"minecraft:packed_ice":1,"minecraft:stone_brick_wall":2,"minecraft:gold_block":2,"minecraft:chain":15,"minecraft:shield":1,"artifacts:feral_claws":1,"minecraft:cyan_carpet":1,"minecraft:blackstone":4,"graveyard:corruption":15,"scalinghealth:chance_heart":2,"minecraft:phantom_membrane":3,"minecraft:raw_iron":98,"artifacts:vampiric_glove":1,"minecraft:polished_blackstone_bricks":56,"ancient_elements:raw_tin":1,"ancient_elements:mining_dungarees_leggings":1,"magistuarmory:rustedkettlehat":2,"minecraft:stone_button":1,"minecraft:dark_oak_planks":2,"minecraft:arrow":182,"minecraft:weeping_vines":2,"minecraft:nether_bricks":4,"biomesoplenty:orange_sandstone":3,"mowziesmobs:ice_crystal":1,"bosses_of_mass_destruction:blazing_eye":1,"minecraft:stripped_dark_oak_wood":1,"artifacts:cross_necklace":1,"ancient_elements:meteorite_pickaxe":1,"minecraft:lime_stained_glass":15,"born_in_chaos_v1:fused_bone":4,"born_in_chaos_v1:corpse_maggot":36,"minecraft:basalt":35,"minecraft:golden_carrot":1,"minecraft:cut_sandstone":4,"minecraft:leather":3,"ancient_elements:iron_hammer":1,"minecraft:cobbled_deepslate_stairs":1,"minecraft:gunpowder":15,"scalinghealth:heart_crystal":67,"minecraft:cooked_mutton":1,"minecraft:red_nether_brick_stairs":1,"cataclysm:infernal_forge":2,"neapolitan:ice_cubes":11,"minecraft:heart_of_the_sea":1,"minecraft:iron_ingot":11,"securitycraft:universal_block_reinforcer_lvl1":1,"minecraft:soul_sand":1,"minecraft:book":83,"scalinghealth:heart_crystal_shard":84,"minecraft:quartz":91,"born_in_chaos_v1:dark_rod":4,"minecraft:white_bed":3,"minecraft:spider_eye":14,"mowziesmobs:naga_fang":1,"minecraft:music_disc_mall":1,"minecraft:pumpkin_seeds":1,"magistuarmory:rusted_bastardsword":4,"minecraft:chainmail_leggings":1,"tombstone:magic_scroll":8,"minecraft:damaged_anvil":1,"minecraft:dark_oak_wood":1,"minecraft:coal":112,"minecraft:sunflower":1}},"DataVersion":3120}