{"stats":{"minecraft:custom":{"minecraft:interact_with_crafting_table":90,"minecraft:open_barrel":55,"minecraft:eat_cake_slice":2,"minecraft:leave_game":13,"minecraft:time_since_death":129454,"minecraft:damage_resisted":2605,"minecraft:sprint_one_cm":1674025,"minecraft:damage_blocked_by_shield":15375,"minecraft:drop":37,"minecraft:play_noteblock":3,"minecraft:play_time":671690,"minecraft:deaths":20,"minecraft:jump":9162,"minecraft:interact_with_brewingstand":3,"minecraft:walk_on_water_one_cm":38638,"minecraft:enchant_item":1,"minecraft:interact_with_furnace":83,"minecraft:sleep_in_bed":9,"minecraft:damage_dealt":113078,"minecraft:crouch_one_cm":23480,"tombstone:undead_killed":171,"minecraft:interact_with_smoker":16,"minecraft:interact_with_smithing_table":10,"minecraft:interact_with_anvil":13,"minecraft:mob_kills":400,"minecraft:damage_dealt_resisted":15860,"minecraft:climb_one_cm":16635,"minecraft:walk_one_cm":1072002,"minecraft:sneak_time":14965,"minecraft:walk_under_water_one_cm":207043,"minecraft:interact_with_lectern":3,"minecraft:interact_with_blast_furnace":4,"minecraft:total_world_time":671690,"tombstone:raider_killed":56,"minecraft:tune_noteblock":1,"minecraft:time_since_rest":129256,"minecraft:damage_taken":42620,"minecraft:damage_absorbed":80,"minecraft:swim_one_cm":93318,"minecraft:fly_one_cm":1452415,"minecraft:open_chest":1376,"minecraft:fall_one_cm":247293},"minecraft:dropped":{"minecraft:iron_sword":1,"graveyard:torso_pile":2,"minecraft:baked_potato":1,"biomesoplenty:rainbow_birch_sapling":1,"minecraft:chainmail_chestplate":7,"bosses_of_mass_destruction:soul_star":1,"born_in_chaos_v1:corpse_maggot":1,"minecraft:chainmail_boots":4,"minecraft:wheat_seeds":5,"minecraft:golden_helmet":1,"minecraft:chainmail_helmet":3,"minecraft:coal":1,"born_in_chaos_v1:gnawed_bones":1,"minecraft:melon_slice":5,"minecraft:smooth_quartz":2,"minecraft:iron_axe":2,"minecraft:stone_sword":1,"minecraft:stone_slab":2,"minecraft:spruce_fence":1,"graveyard:skeleton_hand":2,"minecraft:diamond_sword":1,"minecraft:shield":1,"minecraft:spider_eye":5,"minecraft:stone_pickaxe":1},"minecraft:crafted":{"mutantmonsters:mutant_skeleton_leggings":1,"minecraft:cobblestone_slab":18,"travelersbackpack:crafting_upgrade":1,"minecraft:cooked_chicken":4,"minecraft:cooked_mutton":3,"mutantmonsters:mutant_skeleton_arms":1,"minecraft:glass":61,"minecraft:iron_boots":1,"mutantmonsters:mutant_skeleton_boots":1,"minecraft:chest":3,"mutantmonsters:mutant_skeleton_rib_cage":1,"scalinghealth:power_crystal":1,"minecraft:cooked_porkchop":23,"minecraft:crafting_table":8,"minecraft:spruce_planks":280,"minecraft:iron_helmet":1,"minecraft:wooden_pickaxe":2,"travelersbackpack:standard":1,"minecraft:smithing_table":1,"minecraft:gold_block":20,"biomesoplenty:fir_planks":20,"minecraft:iron_chestplate":1,"minecraft:emerald_block":14,"minecraft:shield":6,"minecraft:stick":156,"minecraft:iron_ingot":44,"minecraft:iron_pickaxe":3,"minecraft:stone_sword":1,"minecraft:iron_block":15,"minecraft:gold_ingot":40,"minecraft:coal":27,"minecraft:iron_nugget":3,"minecraft:furnace":3,"minecraft:bone_meal":69,"travelersbackpack:blank_upgrade":4,"travelersbackpack:gold_tier_upgrade":1,"minecraft:flint_and_steel":1,"mutantmonsters:mutant_skeleton_chestplate":1,"travelersbackpack:white_sleeping_bag":1,"minecraft:iron_axe":7,"born_in_chaos_v1:fried_maggot":6,"minecraft:iron_hoe":1,"minecraft:stone_pickaxe":1,"minecraft:dark_oak_planks":12,"travelersbackpack:diamond_tier_upgrade":1,"travelersbackpack:spider":1,"minecraft:cooked_beef":1,"travelersbackpack:backpack_tank":4,"minecraft:iron_sword":5,"scalinghealth:heart_crystal":5,"minecraft:bucket":1,"minecraft:stone_axe":1,"minecraft:air":0,"minecraft:white_wool":6,"minecraft:iron_shovel":1,"minecraft:iron_leggings":1,"minecraft:white_bed":1,"minecraft:torch":512},"minecraft:picked_up":{"minecraft:wheat":30,"minecraft:chainmail_boots":27,"minecraft:flower_pot":1,"minecraft:lead":1,"tombstone:tablet_of_home":1,"minecraft:stone_slab":4,"minecraft:diamond_sword":7,"minecraft:enchanted_book":6,"magistuarmory:barding":2,"minecraft:brewing_stand":1,"biomesoplenty:rainbow_birch_sapling":1,"minecraft:music_disc_cat":8,"minecraft:string":187,"mutantmonsters:mutant_skeleton_skull":2,"minecraft:iron_leggings":9,"ancient_elements:meteorite_block":26,"minecraft:experience_bottle":17,"minecraft:beetroot":26,"minecraft:diamond_leggings":1,"minecraft:gold_nugget":335,"bosses_of_mass_destruction:soul_star":3,"minecraft:bucket":13,"minecraft:spruce_planks":97,"minecraft:rose_bush":3,"minecraft:redstone_torch":12,"minecraft:wooden_shovel":1,"minecraft:smooth_quartz":112,"alexsmobs:raccoon_tail":2,"minecraft:melon_slice":780,"minecraft:coal_block":96,"minecraft:iron_boots":2,"minecraft:furnace":25,"minecraft:tipped_arrow":1,"minecraft:golden_helmet":3,"minecraft:stick":10,"born_in_chaos_v1:shattered_skull":2,"minecraft:jukebox":1,"minecraft:torch":41,"travelersbackpack:iron_tier_upgrade":2,"minecraft:spruce_stairs":1,"minecraft:porkchop":23,"magistuarmory:rusted_heavymace":2,"tombstone:grave_dust":26,"born_in_chaos_v1:nightmare_claw":1,"mutantmonsters:mutant_skeleton_pelvis":1,"minecraft:stone_sword":1,"evilcraft:box_of_eternal_closure":27,"minecraft:rotten_flesh":204,"minecraft:cyan_terracotta":4,"minecraft:carved_pumpkin":42,"evilcraft:condensed_blood":135,"endrem:rogue_eye":1,"mutantmonsters:mutant_skeleton_shoulder_pad":2,"minecraft:iron_bars":27,"minecraft:cobblestone":172,"biomesoplenty:lavender":1,"minecraft:birch_log":1,"minecraft:enchanting_table":2,"minecraft:leather_chestplate":1,"minecraft:magma_block":1,"minecraft:lilac":1,"minecraft:feather":15,"minecraft:cooked_beef":16,"minecraft:andesite":2,"minecraft:golden_leggings":2,"minecraft:smoker":2,"minecraft:potato":4,"biomesoplenty:fir_log":5,"alexsmobs:bear_fur":7,"minecraft:flint":1,"minecraft:magenta_terracotta":7,"minecraft:dirt":59,"minecraft:polished_granite":1,"minecraft:name_tag":29,"born_in_chaos_v1:monster_skin":2,"minecraft:bone":229,"minecraft:chipped_anvil":9,"minecraft:gray_terracotta":2,"minecraft:bow":4,"minecraft:wheat_seeds":16,"minecraft:raw_gold":3,"mutantmonsters:mutant_skeleton_rib_cage":1,"minecraft:mossy_stone_bricks":1,"tombstone:scroll_of_reach":1,"minecraft:glowstone_dust":6,"minecraft:diamond_helmet":1,"minecraft:bamboo":6,"minecraft:moss_block":1,"biomesoplenty:toadstool":6,"minecraft:cooked_porkchop":2,"minecraft:music_disc_13":8,"royalvariations:royal_bone":1,"ancient_elements:topaz_slimeball":2,"minecraft:sand":183,"ancient_elements:hellstone_sword":1,"mutantmonsters:mutant_skeleton_leggings":1,"minecraft:spectral_arrow":4,"alexsmobs:animal_dictionary":1,"minecraft:barrel":31,"minecraft:mossy_cobblestone":15,"minecraft:dark_prismarine":1,"tombstone:scroll_of_mercy":1,"travelersbackpack:white_sleeping_bag":3,"minecraft:light_gray_concrete":2,"minecraft:polished_andesite":5,"minecraft:diamond":21,"evilcraft:broom":6,"magistuarmory:corruptedroundshield":1,"alexsmobs:rattlesnake_rattle":1,"minecraft:crossbow":1,"minecraft:dark_oak_fence":6,"minecraft:golden_apple":7,"minecraft:chainmail_helmet":42,"minecraft:golden_horse_armor":8,"minecraft:emerald":38,"minecraft:bread":190,"alexsmobs:maggot":1,"minecraft:jack_o_lantern":5,"born_in_chaos_v1:rotten_fish":1,"minecraft:netherrack":15,"minecraft:bricks":4,"minecraft:cocoa_beans":11,"minecraft:crafting_table":14,"minecraft:allium":1,"mutantmonsters:mutant_skeleton_arms":1,"minecraft:chicken":5,"minecraft:leather_leggings":2,"naturalist:venison":1,"minecraft:gold_block":17,"minecraft:diamond_horse_armor":6,"minecraft:chain":1,"minecraft:shield":2,"ancient_elements:music_disc_luminous":2,"minecraft:iron_axe":8,"minecraft:flint_and_steel":1,"minecraft:cyan_carpet":69,"graveyard:corruption":2,"minecraft:cracked_stone_bricks":1,"minecraft:music_disc_otherside":1,"minecraft:beef":1,"born_in_chaos_v1:gnawed_bones":1,"minecraft:player_head":34,"minecraft:iron_nugget":3,"minecraft:chest":84,"minecraft:piston":52,"minecraft:spruce_trapdoor":4,"biomesoplenty:hanging_cobweb":23,"minecraft:egg":1,"minecraft:raw_iron":53,"evilcraft:origins_of_darkness":8,"minecraft:note_block":1,"minecraft:spruce_fence":37,"graveyard:small_cyan_urn":1,"born_in_chaos_v1:pieceofdarkmetal":5,"minecraft:carrot":4,"minecraft:redstone":36,"minecraft:iron_horse_armor":8,"minecraft:purple_terracotta":1,"minecraft:dark_oak_planks":14,"minecraft:arrow":81,"minecraft:beetroot_seeds":35,"minecraft:hay_block":84,"mowziesmobs:umvuthana_mask_bliss":1,"minecraft:stripped_dark_oak_wood":1,"mutantmonsters:mutant_skeleton_rib":6,"minecraft:totem_of_undying":6,"minecraft:gold_ingot":118,"minecraft:saddle":13,"minecraft:mutton":3,"minecraft:skeleton_skull":4,"minecraft:white_wool":2,"born_in_chaos_v1:corpse_maggot":27,"magistuarmory:rustedhalfarmor_chestplate":2,"minecraft:golden_carrot":31,"born_in_chaos_v1:monster_flesh":2,"minecraft:leather":7,"minecraft:oak_log":2,"minecraft:chainmail_chestplate":30,"scalinghealth:bandages":18,"minecraft:gunpowder":134,"minecraft:cobbled_deepslate_stairs":1,"magistuarmory:chainmail_horse_armor":8,"minecraft:cobblestone_stairs":1,"scalinghealth:heart_crystal":26,"mutantmonsters:mutant_skeleton_limb":8,"minecraft:white_banner":1,"mowziesmobs:umvuthana_mask_rage":1,"minecraft:stone_bricks":7,"magistuarmory:steel_flamebladedsword":3,"mowziesmobs:foliaath_seed":3,"minecraft:spruce_wood":1,"minecraft:iron_ingot":75,"minecraft:stone_pickaxe":1,"minecraft:cooked_chicken":6,"minecraft:cobweb":25,"scalinghealth:power_crystal_shard":14,"tombstone:bag_of_seeds":6,"minecraft:glass_bottle":1,"tombstone:scroll_of_frost_resistance":2,"minecraft:iron_sword":3,"travelersbackpack:blank_upgrade":1,"minecraft:book":158,"scalinghealth:heart_crystal_shard":59,"minecraft:emerald_block":13,"minecraft:pumpkin":66,"magistuarmory:rustedchainmail_chestplate":1,"minecraft:stone_brick_slab":4,"born_in_chaos_v1:ethereal_spirit":3,"minecraft:gravel":4,"born_in_chaos_v1:dark_rod":2,"orcz:orcamanita":2,"minecraft:spruce_sapling":1,"minecraft:blast_furnace":1,"minecraft:white_bed":2,"minecraft:spruce_log":43,"magistuarmory:rustedchainmail_leggings":5,"minecraft:mossy_stone_brick_slab":3,"minecraft:spider_eye":24,"minecraft:oak_wood":5,"minecraft:pumpkin_seeds":36,"magistuarmory:rustedchainmail_helmet":1,"minecraft:slime_ball":3,"minecraft:chainmail_leggings":15,"minecraft:iron_helmet":2,"mutantmonsters:mutant_skeleton_boots":1,"minecraft:baked_potato":1,"tombstone:magic_scroll":6,"minecraft:damaged_anvil":3,"minecraft:melon_seeds":26,"minecraft:dark_oak_wood":6,"minecraft:coal":153,"minecraft:sunflower":4},"minecraft:killed":{"minecraft:cave_spider":33,"graveyard:skeleton_creeper":3,"born_in_chaos_v1:zombie_lumberjack":3,"minecraft:spider":21,"naturalist:robin":1,"minecraft:zombie_horse":1,"born_in_chaos_v1:siamese_skeletonsright":1,"naturalist:snail":5,"minecraft:skeleton":37,"minecraft:chicken":4,"minecraft:illusioner":8,"minecraft:pig":11,"alexsmobs:grizzly_bear":5,"minecraft:zombie_villager":1,"naturalist:firefly":1,"alexsmobs:seal":1,"mutantmonsters:mutant_skeleton":1,"minecraft:creeper":6,"minecraft:sheep":2,"minecraft:pillager":24,"minecraft:zombie":40,"born_in_chaos_v1:dread_hound":4,"born_in_chaos_v1:corpse_fly":10,"minecraft:stray":3,"alexsmobs:fly":2,"born_in_chaos_v1:door_knight":5,"mowziesmobs:umvuthana_raptor":1,"born_in_chaos_v1:siamese_skeletonsleft":1,"minecraft:cow":1,"minecraft:evoker":6,"minecraft:vex":3,"graveyard:nightmare":1,"alexsmobs:raccoon":4,"minecraft:vindicator":18,"born_in_chaos_v1:zombie_bruiser":1,"alexsmobs:sugar_glider":1,"born_in_chaos_v1:maggot":15,"naturalist:deer":1,"born_in_chaos_v1:corpse_fish":1,"born_in_chaos_v1:fallen_chaos_knight":1,"graveyard:ghoul":3,"naturalist:bluejay":1,"born_in_chaos_v1:baby_skeleton":3,"born_in_chaos_v1:swarmer":1,"mowziesmobs:umvuthana_follower_raptor":2,"born_in_chaos_v1:decrepit_skeleton":3,"born_in_chaos_v1:bloody_gadfly":1,"born_in_chaos_v1:dark_vortex":2,"born_in_chaos_v1:nightmare_stalker":1,"naturalist:canary":2,"minecraft:wither_skeleton":63,"minecraft:enderman":1},"minecraft:used":{"minecraft:moss_block":1,"minecraft:iron_shovel":198,"born_in_chaos_v1:intoxicating_decoction":1,"minecraft:chest":73,"minecraft:shield":317,"minecraft:iron_sword":1196,"travelersbackpack:diamond":1,"minecraft:mossy_stone_brick_slab":1,"minecraft:rotten_flesh":4,"minecraft:iron_chestplate":1,"born_in_chaos_v1:corpse_maggot":2,"minecraft:lava_bucket":2,"minecraft:bricks":4,"minecraft:spruce_wood":1,"tombstone:tablet_of_cupidity":3,"minecraft:iron_helmet":1,"minecraft:stone_bricks":3,"minecraft:bow":64,"minecraft:furnace":9,"minecraft:egg":1,"travelersbackpack:spider":2,"minecraft:stone_pickaxe":141,"minecraft:wooden_pickaxe":63,"magistuarmory:steel_flamebladedsword":1,"biomesoplenty:rainbow_birch_sapling":1,"minecraft:sand":112,"minecraft:blast_furnace":1,"minecraft:cobbled_deepslate_stairs":1,"biomesoplenty:hanging_cobweb":2,"minecraft:bread":129,"minecraft:cyan_carpet":15,"tombstone:grave_key":9,"minecraft:diamond_sword":582,"minecraft:smithing_table":1,"minecraft:bone_meal":6,"minecraft:experience_bottle":5,"ancient_elements:meteorite_block":26,"graveyard:skull_on_pike":2,"minecraft:enchanting_table":1,"minecraft:stone_sword":75,"minecraft:spruce_planks":107,"born_in_chaos_v1:fried_maggot":6,"minecraft:cooked_chicken":2,"minecraft:torch":511,"minecraft:dirt":9,"scalinghealth:heart_crystal":48,"minecraft:chainmail_chestplate":1,"minecraft:oak_wood":6,"minecraft:spruce_fence":6,"minecraft:iron_hoe":65,"minecraft:dark_oak_planks":3,"alexsmobs:maggot":1,"minecraft:chipped_anvil":1,"minecraft:iron_axe":799,"minecraft:iron_boots":2,"minecraft:smooth_quartz":78,"evilcraft:box_of_eternal_closure":1,"scalinghealth:power_crystal":1,"evilcraft:flesh_humanoid":1,"tombstone:gift":11,"minecraft:cooked_beef":2,"minecraft:enchanted_golden_apple":1,"minecraft:iron_leggings":2,"minecraft:cooked_mutton":3,"graveyard:bone_remains":1,"minecraft:water_bucket":68,"minecraft:baked_potato":7,"minecraft:cobblestone_slab":18,"ancient_elements:hellstone_sword":102,"minecraft:mossy_cobblestone":1,"minecraft:crafting_table":11,"minecraft:white_bed":3,"orcz:orcamanita":1,"minecraft:smoker":2,"endrem:rogue_eye":1,"tombstone:bag_of_seeds":7,"minecraft:gray_terracotta":2,"minecraft:dark_prismarine":1,"minecraft:sunflower":2,"minecraft:iron_pickaxe":660,"travelersbackpack:white_sleeping_bag":3,"minecraft:stone_axe":67,"minecraft:cobblestone":148,"minecraft:potion":1,"travelersbackpack:standard":4,"minecraft:cooked_porkchop":3,"minecraft:bucket":72,"alexsmobs:animal_dictionary":1},"minecraft:broken":{"minecraft:iron_boots":1,"minecraft:stone_pickaxe":1,"minecraft:chainmail_chestplate":2,"minecraft:iron_sword":3,"minecraft:chainmail_helmet":2,"minecraft:wooden_pickaxe":1,"minecraft:shield":4,"magistuarmory:rustedchainmail_chestplate":1,"minecraft:iron_axe":2,"minecraft:iron_helmet":1},"minecraft:killed_by":{"minecraft:wither_skeleton":6,"born_in_chaos_v1:nightmare_stalker":1,"minecraft:cave_spider":5,"minecraft:vex":1,"born_in_chaos_v1:restless_spirit":1,"minecraft:spider":2,"minecraft:enderman":1,"minecraft:skeleton":2},"minecraft:mined":{"minecraft:dark_oak_planks":18,"minecraft:spruce_planks":68,"orcz:orcamanita":2,"minecraft:white_bed":2,"minecraft:mossy_stone_brick_slab":3,"minecraft:cobbled_deepslate_stairs":1,"minecraft:cobblestone_stairs":1,"minecraft:brewing_stand":1,"minecraft:carved_pumpkin":42,"minecraft:grass_block":12,"minecraft:coal_block":71,"minecraft:spawner":21,"minecraft:magma_block":1,"minecraft:fire":2,"minecraft:iron_ore":53,"minecraft:barrel":31,"biomesoplenty:lavender":1,"minecraft:pumpkin":66,"minecraft:stripped_dark_oak_wood":1,"minecraft:enchanting_table":2,"biomesoplenty:hanging_cobweb":6,"biomesoplenty:webbing":13,"minecraft:iron_bars":12,"minecraft:light_gray_concrete":2,"minecraft:spruce_wood":1,"create:veridium":1,"minecraft:player_head":34,"minecraft:gray_terracotta":2,"minecraft:cyan_terracotta":5,"minecraft:smoker":2,"minecraft:powder_snow":3,"biomesoplenty:hanging_cobweb_strand":12,"minecraft:torch":10,"minecraft:note_block":1,"minecraft:dark_oak_wood":2,"minecraft:blast_furnace":1,"minecraft:melon":148,"minecraft:chest":81,"minecraft:cobblestone":60,"minecraft:damaged_anvil":3,"minecraft:bricks":5,"minecraft:wall_torch":7,"minecraft:skeleton_skull":4,"minecraft:lilac":1,"minecraft:jukebox":1,"biomesoplenty:fir_log":5,"minecraft:grass":120,"biomesoplenty:clover":1,"minecraft:smooth_quartz":108,"minecraft:sand":187,"minecraft:dirt":15,"graveyard:small_cyan_urn":1,"minecraft:netherrack":20,"minecraft:piston":52,"minecraft:oak_leaves":1,"minecraft:dark_prismarine":1,"minecraft:mossy_cobblestone":1,"minecraft:red_stained_glass":2,"minecraft:jack_o_lantern":5,"minecraft:dark_oak_fence":6,"minecraft:purple_terracotta":1,"minecraft:allium":1,"minecraft:spruce_fence":36,"ancient_elements:meteorite_block":27,"travelersbackpack:white_sleeping_bag":3,"minecraft:spruce_leaves":13,"minecraft:large_fern":1,"minecraft:hay_block":82,"minecraft:furnace":21,"graveyard:tg_moss_block":2,"biomesoplenty:toadstool":6,"minecraft:andesite":3,"minecraft:bookshelf":26,"biomesoplenty:rainbow_birch_leaves":2,"minecraft:cobblestone_slab":1,"biomesoplenty:spider_egg":1,"minecraft:stone":107,"minecraft:redstone_wall_torch":1,"minecraft:podzol":2,"minecraft:stone_brick_slab":4,"minecraft:polished_granite":1,"minecraft:crafting_table":14,"minecraft:oak_wood":6,"minecraft:rose_bush":2,"minecraft:stone_slab":2,"minecraft:tall_grass":15,"biomesoplenty:sprout":7,"minecraft:spruce_stairs":1,"graveyard:vase_block":3,"minecraft:magenta_terracotta":7,"minecraft:spruce_log":42,"minecraft:coal_ore":84,"evilcraft:blood_stain":1,"graveyard:leaning_skeleton":1,"minecraft:cyan_carpet":35,"minecraft:sunflower":5,"minecraft:gravel":5,"biomesoplenty:stringy_cobweb":2,"minecraft:cobweb":78,"minecraft:cracked_stone_bricks":11,"minecraft:polished_andesite":5,"minecraft:stone_bricks":24,"minecraft:mossy_stone_bricks":3,"minecraft:gold_ore":3,"minecraft:chipped_anvil":8,"graveyard:bone_remains":1,"minecraft:fern":6}},"DataVersion":3120}