{"stats":{"minecraft:killed":{"born_in_chaos_v1:zombie_clown":2,"minecraft:cave_spider":19,"minecraft:witch":1,"born_in_chaos_v1:restless_spirit":3,"born_in_chaos_v1:zombie_lumberjack":3,"born_in_chaos_v1:seared_spirit":1,"born_in_chaos_v1:door_knight_not_despawn":1,"minecraft:spider":36,"minecraft:skeleton":34,"alexsmobs:leafcutter_ant":1,"born_in_chaos_v1:skeleton_thrasher":1,"minecraft:silverfish":9,"artifacts:mimic":1,"born_in_chaos_v1:bonescaller":1,"minecraft:pig":2,"alexsmobs:grizzly_bear":1,"minecraft:zombie_villager":2,"born_in_chaos_v1:diamond_termite":2,"minecraft:creeper":4,"minecraft:sheep":7,"minecraft:zombie":46,"born_in_chaos_v1:dread_hound":11,"born_in_chaos_v1:corpse_fly":13,"orcz:bigorcboss":1,"minecraft:stray":5,"cave_dweller:cave_dweller":2,"born_in_chaos_v1:door_knight":3,"orcz:orcsavage_2sword":1,"orcz:snot":3,"orcz:orcshield":1,"minecraft:cow":7,"alexsmobs:raccoon":1,"born_in_chaos_v1:zombie_bruiser":2,"born_in_chaos_v1:maggot":21,"born_in_chaos_v1:dire_hound_leader":1,"alexsmobs:bison":1,"orcz:orcsavagemace":1,"goblintraders:goblin_trader":2,"born_in_chaos_v1:fallen_chaos_knight":1,"graveyard:ghoul":1,"born_in_chaos_v1:baby_skeleton":1,"born_in_chaos_v1:swarmer":1,"born_in_chaos_v1:decrepit_skeleton":9,"royalvariations:royal_zombie":3,"minecraft:wither_skeleton":2,"minecraft:enderman":3},"minecraft:dropped":{"minecraft:nether_brick_stairs":3,"minecraft:porkchop":2,"minecraft:cooked_beef":7,"minecraft:oak_log":4,"minecraft:ender_pearl":3,"minecraft:glass_bottle":5,"magistuarmory:rustedcrusader_chestplate":3,"minecraft:crossbow":2,"minecraft:warped_roots":1,"minecraft:jungle_planks":2,"minecraft:cracked_stone_bricks":1,"born_in_chaos_v1:pieceofdarkmetal":3,"magistuarmory:rustednorman_helmet":1,"travelersbackpack:standard":1,"alexsmobs:bison_fur":2,"minecraft:birch_slab":3,"minecraft:dirt":39,"minecraft:red_bed":1,"born_in_chaos_v1:monster_skin":1,"evilcraft:broom":1,"minecraft:mutton":11,"minecraft:jungle_sapling":1,"minecraft:phantom_membrane":8,"minecraft:sand":12,"minecraft:dark_oak_planks":10,"minecraft:bone":20,"minecraft:gravel":1,"minecraft:oak_door":4,"minecraft:stone_axe":4,"minecraft:mangrove_roots":2,"born_in_chaos_v1:fire_dust":2,"alexsmobs:animal_dictionary":1,"minecraft:birch_sapling":3,"born_in_chaos_v1:ethereal_spirit":5,"minecraft:rotten_flesh":18,"minecraft:oak_planks":14,"minecraft:golden_shovel":2,"evilcraft:flesh_humanoid":1,"minecraft:carrot":1,"minecraft:chainmail_chestplate":1,"minecraft:tipped_arrow":2,"minecraft:gunpowder":1,"minecraft:charcoal":3,"born_in_chaos_v1:corpse_maggot":2,"minecraft:ladder":4,"born_in_chaos_v1:diamond_termite_shard":1,"minecraft:iron_bars":5,"minecraft:arrow":2,"minecraft:wheat_seeds":28,"minecraft:golden_helmet":1,"minecraft:bookshelf":1,"minecraft:iron_helmet":1,"minecraft:cobblestone":88,"orcz:orcagaric":3,"evilcraft:dark_gem":1,"minecraft:granite":1,"minecraft:stick":15,"minecraft:cobweb":1,"evilcraft:blood_extractor":1,"born_in_chaos_v1:gnawed_bones":1,"minecraft:diorite":19,"tombstone:grave_key":1,"minecraft:wooden_axe":1,"minecraft:melon_slice":2,"tombstone:grave_dust":2,"minecraft:potion":1,"minecraft:iron_leggings":2,"minecraft:oak_stairs":4,"minecraft:string":6,"minecraft:iron_shovel":1,"minecraft:lily_pad":1,"minecraft:bucket":1,"minecraft:music_disc_cat":1,"minecraft:redstone":22,"minecraft:iron_boots":1,"orcz:ironscrap":2,"alexsmobs:bear_fur":1,"minecraft:filled_map":1,"minecraft:diamond_sword":1,"minecraft:shield":2,"create:veridium":12,"orcz:orcteeth":7,"minecraft:iron_chestplate":3,"minecraft:diamond_pickaxe":1,"minecraft:purple_bed":1,"minecraft:mossy_stone_bricks":2,"minecraft:oak_sapling":1,"minecraft:stone_bricks":2,"minecraft:spruce_log":1,"minecraft:bow":2,"scalinghealth:bandages":1,"minecraft:brick":1},"minecraft:used":{"magistuarmory:corruptedroundshield":20,"minecraft:moss_carpet":1,"minecraft:iron_shovel":131,"minecraft:ladder":29,"minecraft:chest":16,"minecraft:shield":452,"travelersbackpack:diamond":1,"minecraft:jungle_planks":53,"minecraft:carrot":52,"minecraft:glass":8,"minecraft:lantern":3,"neapolitan:small_banana_frond":1,"minecraft:bow":40,"minecraft:mangrove_roots":1,"minecraft:furnace":3,"minecraft:egg":7,"minecraft:potato":85,"minecraft:oak_planks":48,"minecraft:wooden_pickaxe":8,"born_in_chaos_v1:bottle_of_magical_energy":1,"minecraft:golden_apple":11,"minecraft:dark_oak_trapdoor":2,"minecraft:sand":1,"scalinghealth:cursed_heart":1,"minecraft:blast_furnace":1,"minecraft:crossbow":14,"minecraft:birch_fence":29,"ancient_elements:meteorite_sword":28,"minecraft:dark_oak_log":1,"minecraft:melon_slice":157,"minecraft:birch_slab":35,"neapolitan:banana_bunch":4,"minecraft:bread":74,"tombstone:grave_key":12,"minecraft:gravel":2,"born_in_chaos_v1:smoked_monster_flesh":11,"minecraft:diamond_sword":1460,"minecraft:smithing_table":1,"minecraft:andesite":1,"minecraft:bone_meal":6,"minecraft:cobweb":6,"minecraft:experience_bottle":1,"minecraft:oak_fence":2,"minecraft:rose_bush":1,"minecraft:armor_stand":1,"minecraft:stone_shovel":204,"minecraft:spruce_planks":3,"minecraft:stone_hoe":72,"minecraft:oak_door":2,"minecraft:torch":608,"minecraft:dirt":403,"scalinghealth:heart_crystal":20,"minecraft:white_carpet":13,"minecraft:diamond_helmet":1,"minecraft:wooden_axe":97,"evilcraft:box_of_eternal_closure":1,"minecraft:iron_boots":2,"scalinghealth:power_crystal":1,"evilcraft:spiked_plate":5,"minecraft:barrel":3,"minecraft:bamboo":274,"minecraft:glowstone":14,"tombstone:gift":10,"minecraft:cooked_beef":39,"minecraft:cobbled_deepslate":1,"minecraft:wheat_seeds":58,"minecraft:water_bucket":10,"minecraft:birch_planks":102,"minecraft:baked_potato":4,"minecraft:mossy_cobblestone":4,"minecraft:crafting_table":13,"minecraft:red_bed":3,"minecraft:white_bed":2,"minecraft:red_mushroom":2,"neapolitan:banana":6,"bosses_of_mass_destruction:soul_star":1,"minecraft:smoker":1,"endrem:rogue_eye":1,"minecraft:diamond_pickaxe":1240,"minecraft:apple":19,"minecraft:mangrove_propagule":4,"minecraft:map":1,"neapolitan:banana_frond":1,"minecraft:stone_axe":341,"minecraft:cobblestone":369,"minecraft:potion":6,"travelersbackpack:standard":29,"minecraft:purple_bed":15,"minecraft:bucket":10},"minecraft:crafted":{"minecraft:smooth_stone":8,"minecraft:oak_planks":96,"minecraft:barrel":3,"minecraft:birch_slab":36,"minecraft:stone":8,"travelersbackpack:diamond":1,"minecraft:bookshelf":1,"minecraft:heavy_weighted_pressure_plate":5,"minecraft:glass":27,"minecraft:diamond_helmet":1,"minecraft:diamond_leggings":1,"minecraft:iron_boots":1,"evilcraft:blood_extractor":2,"minecraft:chest":16,"minecraft:stone_hoe":1,"minecraft:oak_fence":3,"scalinghealth:power_crystal":1,"minecraft:oak_slab":6,"minecraft:crafting_table":6,"minecraft:spruce_planks":44,"minecraft:baked_potato":41,"minecraft:wooden_pickaxe":1,"travelersbackpack:standard":3,"minecraft:birch_planks":332,"minecraft:purple_dye":19,"minecraft:diamond_pickaxe":1,"minecraft:shield":3,"minecraft:birch_fence":27,"minecraft:stick":228,"minecraft:iron_ingot":59,"minecraft:gold_ingot":15,"evilcraft:dark_spike":32,"minecraft:oak_door":3,"minecraft:stone_shovel":1,"evilcraft:spiked_plate":5,"minecraft:smooth_stone_slab":6,"minecraft:leather_boots":1,"minecraft:furnace":3,"minecraft:blast_furnace":1,"minecraft:dark_oak_trapdoor":4,"minecraft:bone_meal":21,"minecraft:white_carpet":3,"born_in_chaos_v1:smoked_monster_flesh":11,"travelersbackpack:white_sleeping_bag":1,"minecraft:ladder":30,"minecraft:stone_pickaxe":1,"minecraft:diamond_boots":1,"minecraft:dark_oak_planks":44,"minecraft:cooked_beef":7,"travelersbackpack:backpack_tank":2,"minecraft:bucket":1,"minecraft:stone_axe":2,"minecraft:air":0,"minecraft:jungle_planks":44,"minecraft:white_wool":3,"minecraft:wooden_axe":2,"minecraft:armor_stand":1,"minecraft:white_bed":1,"minecraft:torch":440,"minecraft:diamond_chestplate":1},"minecraft:broken":{"minecraft:diamond_helmet":2,"minecraft:iron_boots":2,"minecraft:iron_chestplate":1,"minecraft:iron_leggings":1,"minecraft:chainmail_boots":1,"minecraft:stone_axe":1,"minecraft:wooden_axe":1,"minecraft:stone_shovel":1,"magistuarmory:corruptedroundshield":2,"minecraft:shield":1},"minecraft:mined":{"minecraft:white_bed":2,"minecraft:cobblestone_stairs":1,"alexsmobs:leafcutter_anthill":1,"minecraft:jungle_leaves":8,"minecraft:obsidian":1,"minecraft:granite":4,"minecraft:grass_block":289,"minecraft:jungle_log":11,"minecraft:chiseled_stone_bricks":1,"minecraft:spawner":77,"biomesoplenty:tall_lavender":1,"minecraft:glowstone":1,"minecraft:dark_oak_trapdoor":1,"minecraft:iron_ore":72,"minecraft:barrel":5,"minecraft:fire":2,"biomesoplenty:lavender":26,"minecraft:pumpkin":12,"ancient_elements:tin_ore":2,"minecraft:deepslate_lapis_ore":8,"minecraft:nether_brick_stairs":8,"minecraft:enchanting_table":1,"biomesoplenty:hanging_cobweb":1,"minecraft:dirt_path":1,"biomesoplenty:webbing":1,"minecraft:iron_bars":49,"scalinghealth:deepslate_power_crystal_ore":2,"minecraft:oak_stairs":4,"minecraft:azalea":1,"minecraft:jungle_pressure_plate":1,"create:veridium":6,"minecraft:tripwire":1,"minecraft:red_bed":3,"minecraft:smoker":1,"minecraft:powder_snow":5,"minecraft:torch":8,"minecraft:poppy":1,"minecraft:melon":32,"minecraft:chest":1,"minecraft:nether_brick_slab":1,"minecraft:mushroom_stem":7,"minecraft:cobblestone":23,"minecraft:birch_wood":26,"minecraft:damaged_anvil":1,"minecraft:oak_planks":7,"minecraft:sugar_cane":22,"graveyard:gravestone":1,"minecraft:wall_torch":11,"minecraft:seagrass":3,"minecraft:nether_wart_block":1,"neapolitan:small_banana_frond":1,"minecraft:birch_log":64,"minecraft:wheat":14,"graveyard:skull_pile":1,"minecraft:grass":338,"biomesoplenty:clover":120,"minecraft:oak_log":41,"minecraft:beetroots":1,"minecraft:sand":26,"minecraft:dirt":96,"minecraft:dispenser":2,"minecraft:red_mushroom_block":20,"minecraft:oak_leaves":47,"minecraft:deepslate":24,"create:zinc_ore":10,"minecraft:tuff":5,"biomesoplenty:watergrass":49,"minecraft:mossy_cobblestone":10,"ancient_elements:lead_ore":14,"minecraft:oak_door":1,"minecraft:dark_oak_log":9,"minecraft:mangrove_roots":2,"born_in_chaos_v1:infected_diamond_ore":2,"minecraft:nether_bricks":14,"minecraft:ladder":3,"biomesoplenty:bush":1,"minecraft:jungle_planks":2,"minecraft:birch_slab":4,"minecraft:spruce_leaves":6,"minecraft:mangrove_propagule":1,"minecraft:redstone_ore":5,"neapolitan:banana_bundle":1,"minecraft:furnace":2,"minecraft:carrots":5,"evilcraft:box_of_eternal_closure":1,"minecraft:andesite":12,"minecraft:chiseled_deepslate":1,"evilcraft:dark_ore":8,"minecraft:gold_block":1,"minecraft:bookshelf":27,"minecraft:potatoes":16,"minecraft:deepslate_iron_ore":3,"neapolitan:banana_frond":1,"minecraft:vine":67,"minecraft:lantern":8,"minecraft:bamboo_sapling":18,"minecraft:bamboo":46,"biomesoplenty:spider_egg":1,"minecraft:stone":584,"scalinghealth:heart_crystal_ore":1,"minecraft:podzol":9,"minecraft:smithing_table":2,"minecraft:soul_sand":1,"minecraft:dandelion":1,"travelersbackpack:standard":11,"minecraft:crafting_table":8,"minecraft:emerald_ore":2,"minecraft:rose_bush":2,"minecraft:copper_ore":15,"minecraft:tall_grass":20,"minecraft:lapis_ore":10,"biomesoplenty:huge_clover_petal":19,"biomesoplenty:sprout":4,"minecraft:deepslate_gold_ore":2,"minecraft:lily_pad":1,"minecraft:diorite":47,"minecraft:purple_bed":15,"minecraft:birch_planks":13,"minecraft:coarse_dirt":1,"minecraft:white_carpet":11,"minecraft:spruce_log":10,"minecraft:birch_leaves":56,"minecraft:mangrove_leaves":1,"minecraft:coal_ore":92,"minecraft:gravel":10,"minecraft:cobweb":8,"minecraft:cracked_stone_bricks":12,"minecraft:stone_bricks":10,"minecraft:small_dripleaf":1,"minecraft:birch_fence":2,"minecraft:mossy_stone_bricks":6,"minecraft:gold_ore":4,"minecraft:fern":23},"minecraft:picked_up":{"minecraft:chiseled_deepslate":1,"minecraft:iron_chestplate":4,"minecraft:wheat":15,"minecraft:stone_slab":1,"minecraft:lead":7,"minecraft:smithing_table":2,"minecraft:diamond_sword":2,"minecraft:oak_stairs":8,"minecraft:potion":1,"minecraft:enchanted_book":1,"minecraft:golden_shovel":3,"tombstone:grave_key":1,"minecraft:music_disc_cat":1,"minecraft:string":45,"minecraft:dark_oak_trapdoor":1,"minecraft:raw_copper":49,"minecraft:iron_leggings":4,"neapolitan:banana_bunch":4,"minecraft:gold_nugget":9,"minecraft:cobbled_deepslate":24,"bosses_of_mass_destruction:soul_star":1,"minecraft:bucket":2,"minecraft:cobblestone_slab":1,"minecraft:rose_bush":1,"minecraft:melon_slice":161,"evilcraft:blood_extractor":1,"minecraft:iron_boots":2,"minecraft:furnace":3,"minecraft:tipped_arrow":3,"minecraft:stick":29,"minecraft:torch":59,"minecraft:porkchop":2,"tombstone:grave_dust":10,"minecraft:diorite":20,"born_in_chaos_v1:nightmare_claw":1,"magistuarmory:rustedcrusader_chestplate":4,"evilcraft:box_of_eternal_closure":1,"minecraft:rotten_flesh":78,"minecraft:bookshelf":1,"minecraft:glowstone":7,"create:veridium":12,"minecraft:mangrove_roots":4,"minecraft:obsidian":1,"minecraft:iron_bars":26,"minecraft:cobblestone":691,"biomesoplenty:lavender":19,"minecraft:birch_log":64,"minecraft:enchanting_table":1,"orcz:orcteeth":7,"minecraft:cooked_beef":7,"minecraft:andesite":12,"minecraft:birch_slab":6,"minecraft:jungle_log":11,"minecraft:smoker":1,"minecraft:potato":99,"alexsmobs:bear_fur":1,"alexsmobs:bison_fur":2,"ancient_elements:raw_lead":11,"minecraft:tuff":4,"create:raw_zinc":10,"evilcraft:flesh_humanoid":1,"minecraft:lapis_lazuli":107,"minecraft:dirt":468,"minecraft:lantern":8,"born_in_chaos_v1:monster_skin":12,"minecraft:bone":60,"minecraft:bow":4,"minecraft:wheat_seeds":134,"minecraft:raw_gold":6,"minecraft:birch_wood":26,"minecraft:mossy_stone_bricks":8,"minecraft:diamond_helmet":1,"minecraft:bamboo":274,"minecraft:oak_planks":21,"orcz:orcagaric":3,"minecraft:poisonous_potato":1,"minecraft:sand":40,"minecraft:jungle_planks":5,"minecraft:nether_brick_stairs":6,"magistuarmory:rustedgreathelm":1,"minecraft:dark_oak_log":12,"minecraft:barrel":5,"minecraft:mossy_cobblestone":4,"minecraft:bundle":1,"minecraft:sugar":2,"born_in_chaos_v1:fire_dust":2,"minecraft:diamond":7,"evilcraft:broom":2,"magistuarmory:corruptedroundshield":2,"minecraft:crossbow":2,"minecraft:granite":3,"minecraft:emerald":2,"minecraft:bread":64,"orcz:ironscrap":2,"minecraft:oak_sapling":3,"minecraft:diamond_pickaxe":1,"minecraft:charcoal":6,"minecraft:crafting_table":8,"born_in_chaos_v1:diamond_termite_shard":2,"evilcraft:dark_power_gem":1,"minecraft:ladder":7,"born_in_chaos_v1:seedof_chaos":1,"minecraft:gold_block":1,"minecraft:shield":1,"ancient_elements:music_disc_luminous":1,"minecraft:red_bed":4,"minecraft:moss_carpet":1,"minecraft:birch_fence":2,"neapolitan:banana_frond":1,"minecraft:white_carpet":11,"minecraft:iron_shovel":1,"minecraft:cracked_stone_bricks":4,"minecraft:beef":10,"born_in_chaos_v1:gnawed_bones":1,"minecraft:jungle_sapling":2,"minecraft:iron_nugget":18,"minecraft:poppy":1,"minecraft:chest":1,"minecraft:sugar_cane":48,"minecraft:birch_sapling":9,"minecraft:phantom_membrane":11,"minecraft:egg":7,"minecraft:raw_iron":68,"neapolitan:small_banana_frond":1,"minecraft:oak_door":5,"ancient_elements:raw_tin":2,"born_in_chaos_v1:pieceofdarkmetal":5,"minecraft:carrot":30,"minecraft:redstone":44,"minecraft:dark_oak_planks":2,"minecraft:stone_shovel":1,"minecraft:arrow":57,"minecraft:nether_bricks":4,"artifacts:pocket_piston":1,"minecraft:gold_ingot":1,"minecraft:mutton":11,"minecraft:white_wool":7,"born_in_chaos_v1:corpse_maggot":5,"born_in_chaos_v1:monster_flesh":13,"minecraft:leather":7,"minecraft:red_mushroom":7,"minecraft:birch_planks":13,"royalvariations:spiritual_crown_shard":1,"minecraft:lily_pad":2,"minecraft:oak_log":34,"minecraft:chainmail_chestplate":2,"scalinghealth:bandages":6,"minecraft:golden_boots":1,"minecraft:gunpowder":3,"scalinghealth:heart_crystal":20,"tombstone:gift":3,"minecraft:apple":2,"minecraft:stone_bricks":8,"minecraft:stone_pickaxe":1,"minecraft:iron_ingot":18,"minecraft:cobweb":2,"scalinghealth:power_crystal_shard":13,"minecraft:glass_bottle":2,"minecraft:book":78,"scalinghealth:heart_crystal_shard":4,"minecraft:pumpkin":6,"minecraft:chiseled_stone_bricks":1,"born_in_chaos_v1:ethereal_spirit":11,"minecraft:dandelion":1,"minecraft:gravel":4,"magistuarmory:rustednorman_helmet":2,"born_in_chaos_v1:fangofthe_hound_leader":2,"minecraft:white_bed":1,"minecraft:spruce_log":12,"minecraft:spider_eye":8,"travelersbackpack:standard":12,"minecraft:pumpkin_seeds":21,"minecraft:purple_bed":16,"minecraft:stone_axe":5,"evilcraft:dark_gem":37,"minecraft:diamond_axe":1,"minecraft:warped_roots":1,"ancient_elements:meteorite_sword":1,"tombstone:magic_scroll":1,"minecraft:damaged_anvil":1,"minecraft:mangrove_propagule":4,"minecraft:coal":118,"minecraft:ender_pearl":2},"minecraft:killed_by":{"born_in_chaos_v1:nightmare_stalker":4,"minecraft:wither_skeleton":1,"minecraft:creeper":3,"minecraft:cave_spider":1,"minecraft:zombie":1,"alexsmobs:grizzly_bear":1,"minecraft:spider":2,"mutantmonsters:mutant_skeleton":1},"minecraft:custom":{"minecraft:animals_bred":2,"minecraft:interact_with_crafting_table":88,"minecraft:open_barrel":160,"minecraft:leave_game":6,"minecraft:time_since_death":26549,"minecraft:damage_resisted":25,"minecraft:sprint_one_cm":2531921,"minecraft:damage_blocked_by_shield":25389,"minecraft:drop":157,"minecraft:play_time":771897,"minecraft:deaths":14,"minecraft:jump":9500,"minecraft:walk_on_water_one_cm":113776,"minecraft:interact_with_furnace":34,"minecraft:interact_with_cartography_table":1,"minecraft:sleep_in_bed":23,"minecraft:damage_dealt":59427,"minecraft:crouch_one_cm":9289,"tombstone:undead_killed":118,"minecraft:interact_with_smoker":14,"minecraft:horse_one_cm":616019,"minecraft:interact_with_smithing_table":12,"minecraft:mob_kills":296,"minecraft:damage_dealt_resisted":8267,"minecraft:climb_one_cm":125178,"minecraft:walk_one_cm":2422379,"minecraft:sneak_time":3473,"minecraft:walk_under_water_one_cm":19517,"minecraft:interact_with_lectern":6,"minecraft:interact_with_blast_furnace":29,"minecraft:total_world_time":771897,"tombstone:raider_killed":1,"minecraft:time_since_rest":6436,"minecraft:damage_taken":23639,"minecraft:damage_absorbed":410,"minecraft:trigger_trapped_chest":2,"tombstone:cast_on_ally":0,"minecraft:swim_one_cm":80879,"minecraft:fly_one_cm":1673460,"minecraft:open_chest":402,"minecraft:fall_one_cm":269275}},"DataVersion":3120}