{"stats":{"minecraft:custom":{"minecraft:interact_with_crafting_table":77,"minecraft:open_barrel":201,"minecraft:leave_game":6,"minecraft:time_since_death":24235,"minecraft:sprint_one_cm":1118036,"minecraft:damage_blocked_by_shield":3573,"minecraft:drop":130,"minecraft:play_time":319461,"minecraft:deaths":5,"minecraft:jump":3490,"minecraft:walk_on_water_one_cm":69137,"minecraft:interact_with_furnace":16,"minecraft:sleep_in_bed":4,"minecraft:damage_dealt":55927,"minecraft:crouch_one_cm":31556,"tombstone:undead_killed":165,"minecraft:inspect_dispenser":1,"minecraft:horse_one_cm":18732,"minecraft:mob_kills":271,"minecraft:inspect_hopper":1,"minecraft:damage_dealt_resisted":4818,"minecraft:climb_one_cm":23410,"minecraft:walk_one_cm":811078,"minecraft:sneak_time":10776,"minecraft:walk_under_water_one_cm":27784,"minecraft:boat_one_cm":422606,"minecraft:interact_with_blast_furnace":1,"minecraft:total_world_time":319461,"tombstone:raider_killed":23,"minecraft:tune_noteblock":1,"minecraft:raid_trigger":1,"minecraft:time_since_rest":23973,"minecraft:damage_taken":12981,"minecraft:damage_absorbed":568,"minecraft:swim_one_cm":55040,"minecraft:fly_one_cm":608504,"minecraft:open_chest":100,"minecraft:fall_one_cm":76717},"minecraft:dropped":{"minecraft:lapis_lazuli":19,"minecraft:diamond":2,"orcz:orcskull":2,"minecraft:crossbow":3,"orcz:blue_orcshroom":7,"minecraft:emerald":7,"born_in_chaos_v1:monster_flesh":2,"minecraft:dirt":11,"tombstone:bag_of_seeds":1,"minecraft:raw_copper_block":1,"born_in_chaos_v1:monster_skin":1,"orcz:bone_1":2,"minecraft:writable_book":1,"minecraft:bone_meal":3,"minecraft:bone_block":9,"minecraft:sand":2,"minecraft:sugar":2,"minecraft:dark_oak_planks":1,"minecraft:bone":11,"minecraft:gravel":1,"minecraft:goat_horn":3,"minecraft:cobbled_deepslate":4,"minecraft:wheat":2,"minecraft:rotten_flesh":38,"ancient_elements:raw_tin":17,"born_in_chaos_v1:seedof_chaos":2,"minecraft:gunpowder":5,"minecraft:beetroot_seeds":3,"minecraft:melon_seeds":1,"born_in_chaos_v1:corpse_maggot":25,"minecraft:arrow":16,"minecraft:beef":7,"minecraft:stone_brick_stairs":2,"minecraft:enchanted_book":1,"born_in_chaos_v1:shattered_skull":2,"minecraft:wheat_seeds":66,"minecraft:dripstone_block":5,"minecraft:feather":1,"minecraft:cobblestone":113,"orcz:orcagaric":3,"minecraft:granite":7,"minecraft:acacia_log":2,"minecraft:coal":26,"minecraft:stick":8,"minecraft:diorite":7,"tombstone:magic_scroll":1,"minecraft:torch":62,"tombstone:grave_dust":2,"minecraft:potion":1,"minecraft:white_banner":1,"minecraft:iron_axe":2,"minecraft:string":25,"minecraft:furnace":1,"minecraft:raw_copper":6,"minecraft:cocoa_beans":2,"born_in_chaos_v1:rotten_fish":1,"scalinghealth:power_crystal_shard":1,"magistuarmory:chainmail_horse_armor":2,"minecraft:diamond_sword":1,"minecraft:bundle":1,"minecraft:andesite":15,"minecraft:spider_eye":3,"minecraft:stone_bricks":1,"minecraft:bow":4},"minecraft:crafted":{"minecraft:dark_oak_boat":1,"minecraft:birch_boat":1,"travelersbackpack:diamond":1,"orcz:orcteeth_tool_shovel":1,"minecraft:glass":12,"minecraft:diamond_helmet":1,"minecraft:chest":1,"minecraft:raw_iron_block":10,"minecraft:diamond_axe":1,"minecraft:crafting_table":4,"minecraft:spruce_planks":48,"minecraft:wooden_pickaxe":1,"travelersbackpack:standard":1,"minecraft:hay_block":7,"minecraft:birch_planks":12,"minecraft:diamond_pickaxe":1,"minecraft:shield":2,"minecraft:stick":60,"minecraft:iron_ingot":1,"minecraft:iron_block":38,"minecraft:gold_ingot":18,"minecraft:redstone":9,"orcz:orcteeth_tool_sword":4,"ancient_elements:steel_ingot":5,"minecraft:furnace":2,"minecraft:bone_meal":222,"minecraft:raw_copper_block":65,"minecraft:diamond":54,"minecraft:iron_axe":1,"minecraft:stone_pickaxe":1,"orcz:orcteeth_tool_pickaxe":1,"minecraft:redstone_block":5,"minecraft:dark_oak_planks":40,"minecraft:diamond_sword":2,"travelersbackpack:backpack_tank":2,"minecraft:bucket":1,"minecraft:stone_axe":1,"minecraft:air":0,"travelersbackpack:cyan_sleeping_bag":1,"minecraft:white_wool":1,"ancient_elements:lead_drill":1,"ancient_elements:lead_ingot":5,"ancient_elements:steel_drill":1,"minecraft:acacia_planks":12,"minecraft:torch":48},"minecraft:picked_up":{"minecraft:wheat":48,"minecraft:redstone_block":15,"minecraft:diamond_sword":1,"minecraft:potion":3,"minecraft:enchanted_book":2,"minecraft:stone_brick_stairs":4,"born_in_chaos_v1:black_argillite":1,"minecraft:string":19,"minecraft:raw_copper":591,"minecraft:cobbled_deepslate":8,"bosses_of_mass_destruction:soul_star":2,"minecraft:spruce_planks":39,"minecraft:smooth_quartz":7,"minecraft:furnace":3,"minecraft:stick":4,"orcz:orcskull":3,"born_in_chaos_v1:shattered_skull":4,"minecraft:polished_deepslate_stairs":1,"minecraft:oak_fence":1,"minecraft:torch":68,"minecraft:acacia_log":3,"minecraft:spruce_stairs":1,"tombstone:grave_dust":31,"minecraft:diorite":7,"orcz:palisadedarkoak":1,"minecraft:goat_horn":2,"evilcraft:box_of_eternal_closure":1,"minecraft:rotten_flesh":100,"orcz:orcshroom":2,"minecraft:iron_block":64,"minecraft:iron_bars":2,"minecraft:cobblestone":222,"travelersbackpack:cyan_sleeping_bag":1,"minecraft:birch_log":3,"minecraft:feather":1,"orcz:orcteeth":18,"minecraft:iron_door":1,"minecraft:andesite":273,"minecraft:dark_oak_boat":1,"minecraft:potato":3,"alexsmobs:bear_fur":2,"minecraft:stripped_spruce_wood":1,"ancient_elements:raw_lead":26,"minecraft:flint":2,"minecraft:tuff":2,"create:raw_zinc":67,"minecraft:lapis_lazuli":38,"minecraft:dirt":12,"minecraft:lantern":23,"born_in_chaos_v1:monster_skin":1,"minecraft:bone":82,"minecraft:stonecutter":2,"minecraft:bow":4,"minecraft:wheat_seeds":69,"minecraft:raw_gold":12,"minecraft:mossy_stone_bricks":4,"minecraft:oak_planks":3,"orcz:orcagaric":3,"royalvariations:royal_bone":1,"orcz:blue_orcshroom":9,"minecraft:sand":14,"minecraft:dark_oak_log":41,"minecraft:barrel":11,"minecraft:dark_prismarine":11,"minecraft:bundle":3,"minecraft:sugar":2,"minecraft:diamond":4,"minecraft:lever":1,"evilcraft:broom":1,"minecraft:crossbow":3,"graveyard:lower_bone_staff":1,"minecraft:granite":7,"minecraft:bone_meal":2,"minecraft:chainmail_helmet":1,"minecraft:emerald":14,"scalinghealth:cursed_heart":1,"orcz:ironscrap":15,"born_in_chaos_v1:rotten_fish":1,"minecraft:coarse_dirt":1,"minecraft:crafting_table":15,"minecraft:redstone_lamp":5,"born_in_chaos_v1:seedof_chaos":4,"minecraft:brown_mushroom":5,"minecraft:gold_block":1,"minecraft:iron_axe":2,"takesapillage:ravager_horn":2,"graveyard:corruption":1,"minecraft:cracked_stone_bricks":6,"minecraft:beef":7,"born_in_chaos_v1:gnawed_bones":1,"minecraft:cyan_wool":8,"minecraft:piston":3,"minecraft:raw_iron":100,"ancient_elements:raw_steel":30,"minecraft:spruce_fence":1,"ancient_elements:mining_dungarees_leggings":1,"ancient_elements:raw_tin":34,"orcz:orchorn":1,"born_in_chaos_v1:pieceofdarkmetal":4,"minecraft:carrot":4,"minecraft:redstone":24,"minecraft:dark_oak_planks":5,"minecraft:arrow":70,"minecraft:hay_block":9,"tombstone:essence_of_undeath":2,"minecraft:gold_ingot":1,"minecraft:bone_block":12,"minecraft:white_wool":91,"ancient_elements:dynamite_item":3,"born_in_chaos_v1:fused_bone":2,"born_in_chaos_v1:corpse_maggot":26,"born_in_chaos_v1:monster_flesh":2,"minecraft:acacia_wood":2,"scalinghealth:bandages":8,"magistuarmory:chainmail_horse_armor":1,"minecraft:nether_wart_block":1,"minecraft:gunpowder":12,"scalinghealth:heart_crystal":17,"minecraft:white_banner":1,"minecraft:apple":2,"minecraft:stone_bricks":4,"minecraft:spruce_wood":41,"minecraft:iron_ingot":5,"scalinghealth:power_crystal_shard":1,"tombstone:bag_of_seeds":2,"scalinghealth:heart_crystal_shard":4,"orcz:bone_1":3,"minecraft:stone_brick_slab":3,"minecraft:dripstone_block":9,"minecraft:raw_iron_block":7,"minecraft:gravel":3,"minecraft:blast_furnace":1,"minecraft:spider_eye":4,"evilcraft:dark_gem":16,"tombstone:magic_scroll":3,"minecraft:coal":146},"minecraft:killed":{"minecraft:cave_spider":5,"minecraft:witch":7,"born_in_chaos_v1:zombie_lumberjack":3,"born_in_chaos_v1:skeleton_demoman":2,"minecraft:spider":3,"royalvariations:royal_skeleton":1,"born_in_chaos_v1:siamese_skeletonsright":1,"born_in_chaos_v1:baby_skeleton_minion":1,"minecraft:skeleton":46,"born_in_chaos_v1:skeleton_thrasher":2,"minecraft:magma_cube":10,"born_in_chaos_v1:bonescaller":1,"alexsmobs:grizzly_bear":1,"minecraft:zombie_villager":1,"minecraft:creeper":2,"orcz:orcsavage_2swordiron":1,"minecraft:sheep":1,"minecraft:pillager":5,"minecraft:zombie":28,"born_in_chaos_v1:dread_hound":3,"born_in_chaos_v1:corpse_fly":1,"orcz:bigorcboss":1,"takesapillage:archer":3,"orcz:snot":8,"orcz:orcsavage_2sword":1,"orcz:orcshield":1,"born_in_chaos_v1:siamese_skeletonsleft":1,"born_in_chaos_v1:maggot":23,"ancient_elements:undead_miner":1,"alexsmobs:bison":1,"minecraft:drowned":1,"born_in_chaos_v1:corpse_fish":5,"orcz:orcsavagemace":1,"goblintraders:goblin_trader":1,"born_in_chaos_v1:barrel_zombie":1,"minecraft:husk":62,"graveyard:ghoul":4,"naturalist:bluejay":1,"born_in_chaos_v1:baby_skeleton":3,"takesapillage:skirmisher":6,"minecraft:ravager":2,"born_in_chaos_v1:decrepit_skeleton":4,"royalvariations:royal_zombie":2,"minecraft:enderman":1},"minecraft:used":{"minecraft:writable_book":1,"orcz:orcteeth_tool_shovel":14,"minecraft:shield":78,"travelersbackpack:diamond":3,"minecraft:carrot":52,"minecraft:tuff":2,"minecraft:cyan_wool":6,"minecraft:spruce_wood":1,"minecraft:stone_brick_stairs":1,"minecraft:stone_bricks":3,"minecraft:dark_oak_boat":2,"minecraft:hay_block":1,"minecraft:furnace":3,"minecraft:oak_planks":3,"minecraft:stone_pickaxe":20,"minecraft:wooden_pickaxe":10,"minecraft:redstone_block":5,"minecraft:diamond_axe":64,"minecraft:golden_apple":16,"graveyard:lower_bone_staff":1,"orcz:bone_1":1,"scalinghealth:cursed_heart":1,"minecraft:dripstone_block":4,"orcz:orcteeth_tool_sword":530,"minecraft:dark_oak_log":5,"minecraft:string":1,"minecraft:bread":5,"tombstone:grave_key":6,"minecraft:gravel":2,"minecraft:diamond_sword":699,"minecraft:coarse_dirt":1,"minecraft:cobweb":4,"minecraft:spruce_planks":2,"born_in_chaos_v1:black_argillite":1,"minecraft:torch":109,"minecraft:dirt":1,"scalinghealth:heart_crystal":17,"minecraft:spruce_stairs":1,"minecraft:diamond_helmet":1,"minecraft:stone_brick_slab":3,"minecraft:dark_oak_planks":1,"minecraft:iron_axe":134,"evilcraft:box_of_eternal_closure":2,"minecraft:barrel":4,"minecraft:golden_carrot":21,"scalinghealth:bandages":3,"tombstone:gift":9,"minecraft:cobbled_deepslate":4,"minecraft:water_bucket":14,"orcz:orcteeth_tool_pickaxe":222,"minecraft:birch_boat":1,"minecraft:brown_mushroom":2,"minecraft:cracked_stone_bricks":6,"minecraft:crafting_table":19,"tombstone:bag_of_seeds":1,"minecraft:diamond_pickaxe":366,"minecraft:apple":2,"tombstone:magic_scroll":2,"minecraft:stone_axe":41,"minecraft:cobblestone":50,"minecraft:cooked_porkchop":22,"minecraft:bucket":21,"travelersbackpack:cyan_sleeping_bag":1},"minecraft:broken":{"minecraft:diamond_helmet":1,"minecraft:diamond_boots":1,"minecraft:golden_chestplate":1,"minecraft:diamond_chestplate":1,"minecraft:shield":1,"orcz:orcteeth_tool_sword":4},"minecraft:killed_by":{"minecraft:cave_spider":2,"minecraft:husk":1,"graveyard:ghoul":1,"cave_dweller:cave_dweller":1},"minecraft:mined":{"minecraft:dark_oak_planks":6,"minecraft:spruce_planks":39,"orcz:palisadedarkoak":1,"minecraft:granite":4,"minecraft:grass_block":2,"graveyard:lower_bone_staff":1,"minecraft:spawner":32,"minecraft:cobbled_deepslate":1,"minecraft:iron_ore":23,"minecraft:fire":6,"minecraft:barrel":11,"minecraft:iron_bars":2,"minecraft:deepslate_brick_stairs":1,"minecraft:spruce_wood":41,"minecraft:tripwire":4,"orcz:bone_1":1,"minecraft:brown_mushroom":1,"minecraft:polished_deepslate_stairs":1,"minecraft:cobblestone":4,"graveyard:skeleton_hand":1,"graveyard:lying_skeleton":1,"minecraft:oak_planks":3,"minecraft:iron_door":1,"minecraft:wall_torch":1,"minecraft:cyan_wool":8,"travelersbackpack:cyan_sleeping_bag":1,"minecraft:mud":1,"minecraft:nether_wart_block":1,"orcz:orcagaric":1,"minecraft:birch_log":3,"minecraft:wheat":20,"minecraft:stone_brick_stairs":4,"minecraft:grass":15,"orcz:blue_orcshroom":1,"minecraft:sand":14,"minecraft:dirt":10,"minecraft:smooth_quartz":7,"minecraft:stonecutter":1,"minecraft:piston":3,"minecraft:deepslate":2,"minecraft:redstone_lamp":5,"create:zinc_ore":28,"minecraft:dark_prismarine":13,"scalinghealth:power_crystal_ore":1,"minecraft:mossy_cobblestone":1,"ancient_elements:lead_ore":17,"minecraft:dark_oak_log":2,"minecraft:cyan_stained_glass":1,"minecraft:spruce_fence":1,"minecraft:spruce_leaves":4,"minecraft:hay_block":9,"minecraft:furnace":3,"minecraft:acacia_wood":2,"evilcraft:box_of_eternal_closure":1,"minecraft:andesite":11,"orcz:orcshroom":1,"minecraft:vine":1,"minecraft:stone":171,"minecraft:white_wool":91,"minecraft:podzol":1,"minecraft:redstone_block":13,"minecraft:stone_brick_slab":2,"minecraft:oak_fence":1,"minecraft:crafting_table":15,"minecraft:rose_bush":1,"minecraft:tall_grass":2,"minecraft:copper_ore":178,"biomesoplenty:sprout":6,"minecraft:diorite":7,"minecraft:spruce_stairs":2,"minecraft:stripped_spruce_wood":1,"minecraft:coal_ore":49,"evilcraft:blood_stain":1,"minecraft:gravel":3,"minecraft:dripstone_block":1,"minecraft:cobweb":4,"minecraft:cracked_stone_bricks":6,"minecraft:stone_bricks":11}},"DataVersion":3120}